,영화명,장르,배우,감독,제작사,상영시간,개봉일,TMDB 키워드,Gemini 키워드,국가,실관람객 평점,네티즌 평점,누적 관객수,네이버 관심도(찜),온라인 판매실적(당월),온라인 판매실적(익월),온라인 판매실적(익익월)
0,1947 보스톤,드라마,"하정우, 임시완, 배성우, 김상호, 오희준, 박효주, 서정연, 최규환, 송영창, 이규복, 정영주, 박서원, 박은빈, 임현성, 김정철, 리민, 윤희철, 김서현, 최종률, 김민경, 홍성덕, 양지수, 김환영, 황자능, 김수혁, 서동규, 안태준, 구자건, 이태형, 이한종, 천재홍, 노형원, 주영호, 윤부진, 정미남, 조혜선, 정익한, 박기선, 오경주, 양소민, 조홍우, 양지수, 최상재, 정재윤, 진범일, 서동훈",강제규,"(주)비에이엔터테인먼트, (주)빅픽쳐, 롯데컬처웍스(주)롯데엔터테인먼트, (주)콘텐츠지오, 주식회사 에이투지엔터테인먼트, 롯데컬처웍스(주)롯데엔터테인먼트, 미시간벤처캐피탈(주), (주)콘텐츠지오, 롯데컬처웍스(주)롯데엔터테인먼트, (사)한국농아인협회, 한국시각장애인연합회",108.0,20230927.0,"based on true story, marathon, 1940s, boston marathon, japanese occupation of korea, athlete","영감을 주는,역사적,성장",한국,7.811,8.85,102만,7052,3743,2397,1443
1,1980,드라마,"강신일, 김규리, 백성현, 한수연",강승용,(주)엣나인필름,99.0,20240327.0,"1980s, gwangju uprising, democratization movement","우울한,역사적,가족",한국,6.931,6.93,4.4만,2377,246,12568,6266
2,30일,성인물(에로),,,"(주)티씨알씨앤엠, (주)티씨알씨앤엠",64.0,,amnesia,"유머러스한,현대,사랑/로맨스",일본,8.011,8.48,216만,8204,44707,25195,8535
3,3일의 휴가,"판타지, 드라마","김해숙, 신민아, 강기영, 황보라, 박명훈",육상효,"글뫼 주식회사, (주)쇼박스, (주)쇼박스, (사)한국농아인협회, 한국시각장애인연합회",105.0,20231206.0,mother daughter relationship,"마음이 따뜻해지는,시골,가족",한국,8.111,8.51,53만,4149,60035,23141,6697
4,A MINECRAFT MOVIE 마인크래프트 무비,"어드벤처, 판타지","제이슨 모모아, 잭 블랙",자레드 헤스,"워너브러더스 코리아(주), 워너브러더스 코리아(주)",100.0,20250426.0,"friendship, surrealism, exploration, portal, miner, friends, survival, zombie, based on video game, aftercreditsstinger, duringcreditsstinger, journey, live action and animation, imagination, teamwork, fantasy, hilarious, cheerful, building","가볍고 유쾌한,판타지 세계,우정",미국,7.541,7.59,135만,2425,58031,60879,19222
5,거너,"액션, 범죄","루크 헴스워스, 모건 프리먼",디미트리 로고데티스,"주식회사 풍경소리, 주식회사 풍경소리",105.0,20250410.0,,"긴장감 있는,현대,가족",미국,1.601,1.6,301,22,3202,1817,729
6,건국전쟁,다큐멘터리,,김덕영,"다큐스토리, 다큐스토리",100.0,20240201.0,hawaii,"영감을 주는,역사적,정치",한국,0.0,0.0,0,15,15617,4807,2005
7,겨울왕국,"애니메이션, 어드벤처, 가족, 코미디, 뮤지컬, 판타지","이디나 멘젤, 크리스틴 벨, 조나단 그로프, 조시 게드","제니퍼 리, 크리스 벅","월트디즈니컴퍼니코리아 유한책임회사, 소니픽쳐스릴리징월트디즈니스튜디오스코리아(주), 소니픽쳐스릴리징월트디즈니스튜디오스코리아(주)",108.0,20140116.0,"princess, magic, mistake in person, queen, cartoon, villain, musical, betrayal, snowman, reindeer, curse, snow, troll, based on children's book, mountain climbing, evil prince, based on fairy tale, aftercreditsstinger, frozen, woman director, sister sister relationship, magic land","희망적인,판타지 세계,가족",미국,9.201,9.11,1032만,99999,3916,2821,1940
8,고질라 VS. 콩,액션,"이디나 멘젤, 크리스틴 벨, 조나단 그로프, 조시 게드",아담 윈가드,"워너브러더스 코리아(주), 워너브러더스 코리아(주)",113.0,20210325.0,"monster, giant monster, scientist, gojira, rodan, kaiju, ghidora, godzilla","긴장감 있는,도시,생존",미국,8.891,7.98,70만,3011,827,818,4941
9,고질라 X 콩: 뉴 엠파이어,"액션, 어드벤처, SF","댄 스티븐스, 레베카 홀, 브라이언 타이리 헨리",아담 윈가드,"워너브러더스 코리아(주), 워너브러더스 코리아(주)",114.0,20240327.0,"monster, giant monster, scientist, gojira, rodan, kaiju, ghidora, godzilla","긴장감 있는,판타지 세계,생존",미국,7.621,8.27,51만,1921,77381,53040,16209
10,괜찮아 괜찮아 괜찮아!,"가족, 코미디, 드라마","이레, 진서연, 정수빈, 이정하, 손석구",김혜영,"주식회사 투맨필름, (주)바이포엠스튜디오, (주)바이포엠스튜디오, (주)레드아이스 엔터테인먼트",101.0,20250226.0,"waitress, culture clash, pregnancy, romcom","마음이 따뜻해지는,학교,성장",한국,8.491,9.21,11만,2203,1886,7700,2880
11,구룡성채: 무법지대,액션,"홍금보, 고천락, 임봉, 오윤룡, 곽부성",정 바오루이,"(주)콘텐츠판다, (주)콘텐츠판다",125.0,20241016.0,"martial arts, kung fu, based on comic, absurd, based on manhwa","폭력적인,도시,범죄",홍콩,8.101,8.68,1.1만,294,16842,6821,3409
12,귀공자,액션,"김선호, 강태주, 김강우, 고아라, 양이겸, 정예지, 손정아, 김한솔",박훈정,"(주)영화사 금월, (주)스튜디오앤뉴, (주)넥스트엔터테인먼트월드(NEW), (주)스튜디오앤뉴, (주)넥스트엔터테인먼트월드(NEW), (사)한국농아인협회, 한국시각장애인연합회",117.0,20230621.0,"friendship, gangster, philippines, nobleman, wealthy family, conglomerate heir","긴장감 있는,현대,복수",한국,7.781,8.69,68만,11556,2365,4701,3300
13,그녀가 죽었다,"미스터리, 스릴러","변요한, 신혜선, 이엘, 전정일",김세휘,"엔진 필름, (주)콘텐츠지오, (주)아티스트스튜디오, (주)무빙픽쳐스컴퍼니, 미시간벤처캐피탈(주), 주식회사 케이무비엔터테인먼트, (사)한국농아인협회, 한국시각장애인연합회",102.0,20240515.0,,"서스펜스 있는,도시,범죄",한국,8.261,8.17,123만,5854,59375,24056,13363
14,극장판 도라에몽: 진구의 지구 교향곡,애니메이션,"윤아영, 김정아, 조현정, 이현주, 최낙윤",이마이 카즈아키,"씨제이 씨지브이(CJ CGV)(주), 대원미디어(주)",114.0,20240710.0,anime,"가볍고 유쾌한,판타지 세계,우정",일본,7.971,8.21,10만,552,1221,668,490
15,극장판 짱구는 못말려: 동물소환 닌자 배꼽수비대,애니메이션,,하시모토 마사카즈,"(주)씨제이이엔엠, (주)씨제이이엔엠, (사)한국농아인협회, 한국시각장애인연합회",99.0,20230504.0,ninja,"유머러스한,판타지 세계,가족",일본,8.291,9.07,73만,1931,1624,748,780
16,극장판 짱구는 못말려: 수수께끼! 꽃피는 천하떡잎학교,애니메이션,,타카하시 와타루,"(주)씨제이이엔엠, (주)씨제이이엔엠",104.0,20220928.0,anime,"유머러스한,학교,우정",일본,8.791,9.39,83만,3016,1485,710,1074
17,글래디에이터,액션,"러셀 크로우, 호아킨 피닉스, 코니 닐슨, 올리버 리드, 리처드 해리스",,(주)제이앤씨미디어그룹,154.0,,"epic, gladiator, roman empire, ancient rome, sequel, evil tyrant, sword and sandal, sword fighting, second part, arrogant","냉혹한,역사적,복수",미국,7.641,9.43,0,2802,658,411,271
18,글래디에이터 Ⅱ,"액션, 사극","폴 메스칼, 페드로 파스칼, 덴젤 워싱턴, 코니 닐슨, 조셉 퀸",리들리 스콧,"롯데컬처웍스(주)롯데엔터테인먼트, 롯데컬처웍스(주)롯데엔터테인먼트, 파라마운트 픽쳐스",147.0,20241113.0,,"냉혹한,역사적,복수",미국,7.641,7.06,90만,2802,87019,"61,421","12,922"
19,나 홀로 집에 2,"가족, 코미디, 액션, 스릴러","맥컬리 컬킨, 조 페시, 다니엘 스턴, 존 허드",크리스 콜럼버스,이십세기폭스코리아(주),118.0,19921218.0,"new york city, burglar, holiday, family relationships, sequel, slapstick comedy, little boy, home invasion, family, precocious child, home alone, mischievous child, christmas, kids on their own, child rescue, cheerful, comforting","유머러스한,도시,가족",미국,9.371,9.37,0,1914,1631,522,229
20,나의 사랑 나의 신부,"멜로/로맨스, 코미디","조정석, 신민아, 윤정희, 김은비, 배성우, 라미란, 황정민, 서강준, 고규필, 손병욱, 윤문식, 이상희, 전예원, 조아라, 김광수, 김보미, 김선하, 박주운, 신영일, 김형욱, 김근영, 강신철, 박지연, 이상희, 조현식",임찬상,"(주)필름모멘텀, 씨네그루(주)다우기술, 씨네그루(주)다우기술, 엠라인디스트리뷰션(주)",111.0,20141008.0,,"로맨틱한,현대,사랑/로맨스",한국,8.391,7.71,214만,5145,9,9,7
21,노량: 죽음의 바다,"사극, 액션","김윤석, 백윤식, 정재영, 허준호, 김성규, 이규형, 이무생, 최덕문, 안보현, 박명훈, 박훈, 문정희, 정기섭, 유성주, 안성봉, 안세호, 이성욱, 오누리, 주석태, 최광제, 최정태, 김중희, 안성기, 여진구, 이제훈, 박용우, 김민상, 공명, 남명렬, 남경읍, 배한성, 김재영, 최단비, 송요셉, 김효민, 강성락, 이건록, 노형원, 임일규, 허재호, 한우진, 이재한, 강신구, 이태형, 김형석, 최돈학, 이지영, 이상호, 전운종, 한대훈, 정대경, 고해성, 남상우, 정영록, 이재우, 고기영, 문바롬, 이동희, 김용준, 손대민, 윤상영, 박형준, 이규탁, 김범수, 박상원, 진범일, 서한돌, 조성국, 이시안, 서대건, 정시훈, 김준석, 박성현, 김형록, 황성웅, 위민국, 이민수, 김진형, 윤현승, 남태우, 우혁, 김무섭, 구본혁, 채강, 채원우, 김동환, 한재학, 정동근, 지상우, 송치훈, 김태응, 강민태, 박웅선, 강수호, 박현욱, 김서준, 황재운, 이웅규, 김시국, 서현재, 김백겸, 공지삵, 강태우, 이승헌, 함진성, 이동현, 이원희, 손수호, 최기표, 황민혁, 정하영, 신형근, 정유준, 서정민, 정민혁, 김태훈, 정종훈, 김서빈, 조현수, 윤영진, 하영진, 정민철, 김명수, 양동혁, 박성현, 정승현, 백경선, 임성민, 엄기영, 박인국, 유명환, 김민수, 오영철, 최지현, 오동훈, 민주호, 김동형, 이창균, 김경훈, 김진욱, 이종섭, 오창후, 허재욱, 박상준, 허태경, 안준호, 조재현, 최지환, 문형돈, 오지훈, 이시헌, 박원진, 한지은, 신재영, 송광주, 장루이, 현서영, 신치영, 황민형, 김한상, 장유화, 연원모, 김지안, 석예린, 권지희, 문정환, 변봉식, 박광복, 박선애, 윤혁진, 김시우, 박연",김한민,"(주)빅스톤픽쳐스, 롯데컬처웍스(주)롯데엔터테인먼트, (주)에이스메이커무비웍스, (주)에이스메이커무비웍스, 롯데컬처웍스(주)롯데엔터테인먼트, (주)에이스메이커무비웍스, (사)한국농아인협회, 한국시각장애인연합회",152.0,20231220.0,"japanese invasion of korea, joseon dynasty (1392–1910), yi sun-sin, imjin war","비장한,역사적,전쟁",한국,8.241,7.97,457만,13150,35593,172857,40660
22,당신이 잠든 사이,"미스터리, 멜로/로맨스","추자현, 이무생, 손숙, 박민정, 남대협, 고병완, 권겸민, 성지루, 김진수, 김미우, 신우성, 서유나",장윤현,"(주)로그라인스튜디오, 트윈플러스파트너스(주)",99.0,20240320.0,,"서스펜스 있는,현대,사랑/로맨스",한국,8.001,8.93,4383,633,4313,3506,1279
23,대가족,"드라마, 코미디","김윤석, 이승기, 김성령, 강한나, 박수영, 김시우, 윤채나, 심희섭, 길해연, 이순재, 강명환, 이보람, 이중현",양우석,"게니우스 유한회사, 롯데컬처웍스(주)롯데엔터테인먼트, 롯데컬처웍스(주)롯데엔터테인먼트, (사)한국농아인협회, 한국시각장애인연합회",106.0,20241211.0,buddhist monk,"마음이 따뜻해지는,현대,가족",한국,7.801,8.5,35만,2913,52505,37967,22097
24,대도시의 사랑법,멜로/로맨스,신동규,"김세인, 홍지영, 손태겸, 허진호",,97.0,,"based on novel or book, homophobia, roommates, lgbt, gay romance, gay theme, itaewon, boys' love (bl), gay best friend, gay bashing, religious mother","로맨틱한,도시,사랑/로맨스",한국,8.301,8.69,87만,7734,304,25906,10201
25,대외비,"범죄, 드라마","조진웅, 이성민, 김무열, 박태수, 원현준, 김민재, 유승목, 김윤성, 박세진, 손여은, 조영진, 최민철, 이상원, 박정표, 박상원, 허지원, 정기섭, 박기선, 한갑수, 문정대, 박상규, 손성찬, 엄옥란, 박재원, 양정인, 곽진, 이상협, 권혁성, 우수빈, 김제형, 김수환, 문순주, 최병윤, 김성곤, 박시완, 최현도, 여이레, 정소리, 윤도영, 김진, 문지영, 허민아, 김형명, 이원진, 정조준, 최동구, 이형원, 김민준, 이정우, 유상재, 양택호, 이태일, 김미현, 임종훈, 김탁, 이유주, 송용환, 김가은",이원태,"(주)트윈필름, (주)비에이엔터테인먼트, 메가박스중앙(주) 플러스엠 엔터테인먼트, 메가박스중앙(주) 플러스엠 엔터테인먼트, 메가박스중앙(주) 플러스엠 엔터테인먼트, (사)한국농아인협회, 한국시각장애인연합회",115.0,20230301.0,"election campaign, politician, election, classified, 1990s, busan, south korea","긴장감 있는,역사적,정치",한국,6.141,6.28,75만,3088,978,3739,1945
26,댓글부대,"범죄, 드라마","손석구, 김성철, 김동휘, 홍경, 이찬유, 김한솔, 손희서, 박상혁, 윤덕용, 이현, 박인국",안국진,"(주)영화적순간, 주식회사 디믹스스튜디오, (주)에이스메이커무비웍스, (주)에이스메이커무비웍스, 케이씨벤처스 주식회사, (주)에이스메이커무비웍스, (사)한국농아인협회, 한국시각장애인연합회",109.0,20240327.0,"journalist, based on novel or book, national intelligence service (nis)","서스펜스 있는,도시,정의",한국,7.551,7.36,97만,6537,46060,22705,6783
27,더 와일드: 야수들의 전쟁,"액션, 범죄","박성웅, 오대환, 오달수, 주석태, 서지혜, 강현아, 라윤",김봉한,"(주)아센디오, (주)제이앤씨미디어그룹, TCO(주)더콘텐츠온, (주)제이앤씨미디어그룹, (주)아센디오, (주)제이앤씨미디어그룹, 주식회사 케이무비엔터테인먼트",110.0,20231115.0,wild life,"폭력적인,도시,범죄",한국,7.901,4.47,4.4만,675,12543,5127,1951
28,더 이퀄라이저 2,"액션, 범죄, 스릴러","덴젤 워싱턴, 페드로 파스칼, 빌 풀만, 멜리사 레오",안톤 후쿠아,,120.0,,"drug dealer, martial arts, central intelligence agency (cia), rape, kidnapping, hostage, hurricane, sequel, revenge, murder, gang, massacre, aggressive, elite forces, vigilante justice, suspenseful, commanding, exhilarated, frightened","냉혹한,도시,복수",미국,8.711,8.71,0,1592,1523,588,397
29,더 커버넌트,"전쟁, 액션, 드라마","제이크 질렌할, 다 살림",가이 리치,"(주)제이앤씨미디어그룹, 와이드 릴리즈(주)",123.0,20240927.0,"rescue, ambush, interpreter, afghanistan, afghanistan war (2001-2021), war, exhilarated","긴장감 있는,군대,우정",미국,8.801,9.54,5.1만,1089,4102,1144,1282
30,더 퍼스트 슬램덩크,애니메이션,,이노우에 다케히코,"(주)넥스트엔터테인먼트월드(NEW), 에스엠지홀딩스 주식회사",124.0,20230104.0,"high school, competition, basketball, high school sports, romance, tournament, based on manga, sport competition, school life, shounen, anime, school club, japanese high school, 3d animation, bukatsu","영감을 주는,학교,성장",일본,9.261,9.48,490만,15123,6333,59316,18075
31,더러운 돈에 손대지 마라,"범죄, 드라마","정우, 김대명, 박병은, 조현철, 정해균, 백수장, 유태오, 임화영, 김윤성",김민수,"리양필름(주), (주)에이스메이커무비웍스, (주)에이스메이커무비웍스, (주)에이스메이커무비웍스",100.0,20241017.0,,"폭력적인,도시,범죄",한국,7.021,7.4,8.8만,1992,43679,13898,0
32,데드맨,,,,,,,,"서스펜스 있는,도시,범죄",한국,6.191,4.95,23만,1828,3303,43427,8827
33,데드풀과 울버린,"액션, 코미디, SF","라이언 레이놀즈, 휴 잭맨",숀 레비,"월트디즈니컴퍼니코리아 유한책임회사, 월트디즈니컴퍼니코리아 유한책임회사",127.0,20240724.0,"hero, superhero, anti hero, mutant, breaking the fourth wall, aftercreditsstinger, duringcreditsstinger, marvel cinematic universe (mcu), mutants, superhero teamup","유머러스한,판타지 세계,우정",미국,7.661,5.98,197만,4631,6350,67408,10994
34,동창회의 목적 2 (무삭제),멜로/로맨스,,성우진,"영화사 인연, 영화사 인연",102.0,20171027.0,softcore,"로맨틱한,현대,사랑/로맨스",한국,0.0,0.0,0,48,3267,1790,1303
35,동화지만 청불입니다,코미디,"박지현, 최시원, 성동일, 박건일, 황세온, 설우인, 박철민, 김영아, 이시엘, 남중규, 이정형, 곽자형, 김창환, 황현빈, 문진승, 최재희, 박호산, 김서라, 최병모, 경찬, 백한솔, 이주미",이종석,"골드독엔터테인먼트(주), (주)기억속의매미, (주)영화사수작, (주)마노엔터테인먼트, (주)미디어캔, (주)영화특별시에스엠씨, (주)미디어캔, (주)바른손이앤에이",109.0,20250108.0,lighthearted,"가볍고 유쾌한,현대,성장",한국,7.551,5.98,16만,1441,700,8637,2189
36,듄,액션,"티모시 샬라메, 젠데이아 콜먼, 레베카 퍼거슨, 조슈 브롤린, 오스틴 버틀러, 플로렌스 퓨, 데이브 바티스타, 크리스토퍼 월켄, 스티븐 헨더슨, 레아 세이두, 스텔란 스카스가드, 샬롯 램플링, 하비에르 바르뎀",드니 빌뇌브,"워너브러더스 코리아(주), 워너브러더스 코리아(주)",165.0,20240228.0,,"어두운,미래,권력",미국,8.851,7.7,166만,8287,2226,27868,60108
37,듄: 파트2,액션,"티모시 샬라메, 젠데이아 콜먼, 레베카 퍼거슨, 조슈 브롤린, 오스틴 버틀러, 플로렌스 퓨, 데이브 바티스타, 크리스토퍼 월켄, 스티븐 헨더슨, 레아 세이두, 스텔란 스카스가드, 샬롯 램플링, 하비에르 바르뎀",드니 빌뇌브,"워너브러더스 코리아(주), 워너브러더스 코리아(주)",165.0,20240228.0,,"어두운,미래,권력",미국,8.971,9.03,201만,6628,48660,55467,22777
38,드라이브,"드라마, 애니메이션, 다큐멘터리",,,,,,"robbery, car mechanic, stuntman, beaten to death, revenge, organized crime, neighbor, police chase, los angeles, california, brutality, jacket, scorpion, toothpick, getaway driver, crime lord, stunt driver, existentialism, detached, neo-noir, vindictive, hammer, bold","서스펜스 있는,도시,생존",한국,8.351,8.35,0,405,6956,3279,1441
39,드래곤 길들이기 2,"애니메이션, 액션, 어드벤처","제이 바루첼, 제라드 버틀러, 케이트 블란쳇, 아메리카 페레라",딘 데블로이스,"(주)씨제이이엔엠, (주)씨제이이엔엠",101.0,20140723.0,"rescue, husband wife relationship, sacrifice, parent child relationship, loss of loved one, villain, vikings (norsemen), sequel, dragon, warrior, mother son relationship","마음이 따뜻해지는,판타지 세계,가족",미국,8.801,9.05,299만,8686,596,361,304
40,드래곤 길들이기 3,애니메이션,"제이 바루첼, 아메리카 페레라, 케이트 블란쳇, 킷 해링턴, 크레이그 퍼거슨, F. 머레이 아브라함",딘 데블로이스,"유니버설픽쳐스인터내셔널 코리아(유), 유니버설픽쳐스인터내셔널 코리아(유)",104.0,20190130.0,"based on novel or book, flying, villain, vikings (norsemen), sequel, overpopulation, dragon, love interest, based on children's book","마음이 따뜻해지는,판타지 세계,성장",미국,9.251,9.27,150만,2218,564,392,306
41,드래곤 길들이기,"액션, 어드벤처, 판타지","메이슨 테임즈, 제라드 버틀러, 니코 파커, 닉 프로스트, 줄리안 데니슨, 가브리엘 하웰, 브론윈 제임스, 해리 트레발드윈, 이대휘, 장예나, 안장혁, 최석필, 남도형, 박주광, 이상호, 김보나, 김자연, 김민주, 김서현, 장채연, 이동윤, 원종준, 오건우",딘 데블로이스,"유니버설픽쳐스인터내셔널 코리아(유), 유니버설픽쳐스인터내셔널 코리아(유)",125.0,20250606.0,"flying, vikings (norsemen), remake, dragon, battle, warrior, live action remake, based on young adult novel, fantasy","희망적인,판타지 세계,우정",미국,9.221,9.73,178만,5629,775,414,415
42,라따뚜이,"애니메이션, 드라마, 코미디, 가족","패튼 오스왈트, 루 로마노, 피터 손",브래드 버드,"픽사 애니메이션 스튜디오, 월트 디즈니 픽쳐스, 한국소니픽쳐스릴리징브에나비스타영화㈜, 한국소니픽쳐스릴리징브에나비스타영화㈜",115.0,20070725.0,"work, sibling relationship, paris, france, expensive restaurant, river, confidence, cooking, evacuation, mouse, leaving one's family, restaurant, villain, restaurant critic, spice, cookbook, food, chef, sewer, unlikely friendship, french restaurant, rat, french cuisine, fine dining","마음이 따뜻해지는,도시,성장",미국,9.321,9.32,102만,2491,1066,960,576
43,라이온 킹,"어드벤처, 드라마, 가족","도날드 글로버, 비욘세 놀즈, 제임스 얼 존스, 치웨텔 에지오포, 세스 로건",존 파브로,"월트디즈니컴퍼니코리아 유한책임회사, 월트디즈니컴퍼니코리아 유한책임회사",118.0,20190717.0,"friendship, paradise, lion, musical, prequel, jungle, told in flashback, betrayal by friend, chance meeting, live action remake, found family, lost","영감을 주는,판타지 세계,가족",미국,7.861,8.67,85만,2231,1487,576,510
44,라푼젤,"애니메이션, 코미디, 멜로/로맨스, 가족","제커리 리바이, 맨디 무어","바이론 하워드, 네이슨 그레노","한국소니픽쳐스릴리징브에나비스타영화㈜, 한국소니픽쳐스릴리징브에나비스타영화㈜",100.0,20110210.0,"princess, magic, hostage, fairy tale, horse, villain, musical, blonde, coming of age, tower, selfishness, healing power, female villain, adventurer, based on fairy tale, duringcreditsstinger, healing gift, animal sidekick, magic land, comforting","희망적인,판타지 세계,성장",미국,9.341,9.34,101만,5381,1088,1041,809
45,랜드 오브 배드,"액션, 전쟁","러셀 크로우, 리암 헴스워스, 루크 헴스워스, 마일로 벤티밀리아",윌리엄 유뱅크,"메가박스중앙(주), (주)퍼스트런, (주)제이에이와이이엔터테인먼트, (주)빌리언스플러스, (주)키노라이츠",113.0,20240313.0,"air force, battle, behind enemy lines, special ops, rescue operation, intense, cliché","긴장감 있는,군대,생존",미국,8.321,8.92,4.4만,699,36002,14805,11291
46,레드 원,"액션, 어드벤처, 코미디, 판타지, 미스터리","드웨인 존슨, 크리스 에반스, 루시 리우, J.K. 시몬스",제이크 캐스단,"워너브러더스 코리아(주), 워너브러더스 코리아(주), 워너브러더스 코리아(주)",123.0,20241106.0,"bounty hunter, holiday, kidnapping, santa claus, polar bear, christmas, action comedy, christmas eve, family comedy","유머러스한,판타지 세계,가족",미국,7.121,8.07,48만,523,6523,5434,858
47,릴로 & 스티치,애니메이션,크리스 샌더스,딘 플라이셔 캠프,"월트디즈니컴퍼니코리아 유한책임회사, 월트디즈니컴퍼니코리아 유한책임회사",107.0,20250521.0,"hawaii, bullying, dysfunctional family, alien, loss of job, shape shifting alien, family, psychotic, evil alien, orphan siblings, extraterrestrial animal, live action remake, alien spaceship, animal human friendship, advanced technology","마음이 따뜻해지는,시골,가족",미국,8.701,9.35,48만,2189,15704,2587,0
48,마녀,"미스터리, 액션","김다미, 조민수, 박희순, 최우식, 김하나, 정다은, 김기훈, 최정우, 고민시, 오미희, 김병옥, 이주원, 권태원, 이기영, 백승철, 이강곤, 이상용, 백규현, 김종면, 김종훈, 서영희, 송민수, 이주원, 이채현, 이하영, 이혜성, 남경민, 모그, 박상현, 박상훈, 박시현, 장민재, 박정수, 정승채, 정지민, 김한솔, 조제웅, 진영준, 권용석, 김미진, 김상훈, 김수현, 김승우, 김영원, 김영민, 김우주, 현봉식, 최현종, 곽진석, 명홍진",박훈정,"(주)영화사 금월, (주)페퍼민트앤컴퍼니, 워너브러더스 코리아(주), 워너 브러더스 픽쳐스, (주)화인컷",125.0,20180627.0,"witch, amnesia, supernatural, psychological thriller, audition, hidden identity, supernatural power, dark, extreme violence","폭력적인,시골,복수",한국,8.581,8.15,318만,9494,707,1188,861
49,마녀(魔女) Part2,액션,"신시아, 박은빈, 서은수, 진구, 성유빈, 조민수, 차순배, 저스틴 하비, 채서안, 채원빈, 서이라, 정라엘, 김기해, 장재영, 정예진, 이종석, 김다미, 엄태구, 모그, 신영옥, 김대흥, 신희철, 정환욱, 우강민, 최홍락, 홍원표, 유태근, 윤기창, 오기덕, 이규영, 한재웅, 문동식, 노승윤, 고남호, 이준, 임승준, 장남수, 최동구, 김한솔, 공경배, 서문호, 이선호, 한상경, 이상렬, 조광욱, 정운, 조창원, 오원혁, 김민규, 김소민, 김벼리, 장지호, 김용우",박훈정,"(주)영화사 금월, (주)스튜디오앤뉴, (주)페퍼민트앤컴퍼니, (주)넥스트엔터테인먼트월드(NEW), (주)넥스트엔터테인먼트월드(NEW), (사)한국농아인협회, 한국시각장애인연합회",137.0,20220615.0,"witch, amnesia, supernatural, psychological thriller, audition, hidden identity, supernatural power, dark, extreme violence","폭력적인,시골,생존",한국,6.951,6.55,280만,10917,776,1157,768
50,말할 수 없는 비밀,"판타지, 멜로/로맨스","도경수, 원진아, 신예은, 하윤희",서유민,"(주)하이브미디어코프, 메가박스중앙(주) 플러스엠 엔터테인먼트, 쏠레어파트너스(유), (주)하이그라운드",103.0,20250127.0,softcore,"로맨틱한,학교,사랑/로맨스",한국,8.571,8.19,82만,12589,4577,2329,1139
51,명량,"사극, 액션","김윤석, 백윤식, 정재영, 허준호, 김성규, 이규형, 이무생, 최덕문, 안보현, 박명훈, 박훈, 문정희, 정기섭, 유성주, 안성봉, 안세호, 이성욱, 오누리, 주석태, 최광제, 최정태, 김중희, 안성기, 여진구, 이제훈, 박용우, 김민상, 공명, 남명렬, 남경읍, 배한성, 김재영, 최단비, 송요셉, 김효민, 강성락, 이건록, 노형원, 임일규, 허재호, 한우진, 이재한, 강신구, 이태형, 김형석, 최돈학, 이지영, 이상호, 전운종, 한대훈, 정대경, 고해성, 남상우, 정영록, 이재우, 고기영, 문바롬, 이동희, 김용준, 손대민, 윤상영, 박형준, 이규탁, 김범수, 박상원, 진범일, 서한돌, 조성국, 이시안, 서대건, 정시훈, 김준석, 박성현, 김형록, 황성웅, 위민국, 이민수, 김진형, 윤현승, 남태우, 우혁, 김무섭, 구본혁, 채강, 채원우, 김동환, 한재학, 정동근, 지상우, 송치훈, 김태응, 강민태, 박웅선, 강수호, 박현욱, 김서준, 황재운, 이웅규, 김시국, 서현재, 김백겸, 공지삵, 강태우, 이승헌, 함진성, 이동현, 이원희, 손수호, 최기표, 황민혁, 정하영, 신형근, 정유준, 서정민, 정민혁, 김태훈, 정종훈, 김서빈, 조현수, 윤영진, 하영진, 정민철, 김명수, 양동혁, 박성현, 정승현, 백경선, 임성민, 엄기영, 박인국, 유명환, 김민수, 오영철, 최지현, 오동훈, 민주호, 김동형, 이창균, 김경훈, 김진욱, 이종섭, 오창후, 허재욱, 박상준, 허태경, 안준호, 조재현, 최지환, 문형돈, 오지훈, 이시헌, 박원진, 한지은, 신재영, 송광주, 장루이, 현서영, 신치영, 황민형, 김한상, 장유화, 연원모, 김지안, 석예린, 권지희, 문정환, 변봉식, 박광복, 박선애, 윤혁진, 김시우, 박연",김한민,"(주)빅스톤픽쳐스, 롯데컬처웍스(주)롯데엔터테인먼트, (주)에이스메이커무비웍스, (주)에이스메이커무비웍스, 롯데컬처웍스(주)롯데엔터테인먼트, (주)에이스메이커무비웍스, (사)한국농아인협회, 한국시각장애인연합회",152.0,20231220.0,"navy, biography, based on true story, battleship, naval warfare, 16th century, battle of myeongryang, japanese invasion of korea, korean navy, joseon dynasty (1392–1910), yi sun-sin, imjin war","비장한,역사적,전쟁",한국,8.881,8.11,1761만,51283,2778,2923,809
52,명탐정 코난: 100만 달러의 펜타그램,애니메이션,"김선혜, 강수진, 신용우, 최재호",나가오카 치카,"TMS 엔터테인먼트, (주)씨제이이엔엠, (주)씨제이이엔엠",110.0,20240717.0,"detective, shounen, anime","서스펜스 있는,도시,범죄",일본,8.051,8.32,75만,2761,6052,2035,1426
53,모아나 2,애니메이션,"아우이 크라발호, 드웨인 존슨",데이브 데릭 주니어,"월트디즈니컴퍼니코리아 유한책임회사, 월트디즈니컴퍼니코리아 유한책임회사",99.0,20241127.0,"sea, ocean, villain, musical, sequel, coming of age, duringcreditsstinger, hopeful","희망적인,판타지 세계,성장","미국, 캐나다",7.911,7.43,355만,5873,51761,72275,12218
54,모아나,애니메이션,"아우이 크라발호, 드웨인 존슨",데이브 데릭 주니어,"월트디즈니컴퍼니코리아 유한책임회사, 월트디즈니컴퍼니코리아 유한책임회사",99.0,20241127.0,"sea, ocean, villain, musical, sequel, coming of age, duringcreditsstinger, hopeful","희망적인,판타지 세계,성장","미국, 캐나다",7.911,9.14,241만,5873,6906,6353,1423
55,무명,다큐멘터리,"하정우, 김중희",유진주,"재단법인 온누리선교재단(CGNTV), 커넥트픽쳐스(주)",89.0,20250625.0,"martial arts, revolution, train robbery","마음이 따뜻해지는,역사적,구원",한국,9.591,9.72,6.6만,1378,19,7079,165
56,미니언즈,"애니메이션, 어드벤처, 코미디","피에르 꼬팽, 스티브 카렐, 타라지 P. 헨슨",카일 발다,"유니버설픽쳐스인터내셔널 코리아(유), 유니버설픽쳐스인터내셔널 코리아(유)",87.0,20220720.0,"1970s, villain, sequel, spin off, duringcreditsstinger, supervillain, illumination, gentleminions","유머러스한,역사적,우정",미국,7.841,7.12,262만,3805,621,617,234
57,미니언즈2,"애니메이션, 어드벤처, 코미디","피에르 꼬팽, 스티브 카렐, 타라지 P. 헨슨",카일 발다,"유니버설픽쳐스인터내셔널 코리아(유), 유니버설픽쳐스인터내셔널 코리아(유)",87.0,20220720.0,,"유머러스한,역사적,우정",미국,7.841,7.5,226만,5184,655,1158,849
58,미션 임파서블: 데드 레코닝,"액션, 스릴러, 어드벤처","톰 크루즈, 헤일리 앳웰, 빙 라메스, 사이먼 페그, 레베카 퍼거슨, 바네사 커비, 에사이 모랄레스, 폼 클레멘티에프",크리스토퍼 맥쿼리,"파라마운트 픽쳐스, 롯데컬처웍스(주)롯데엔터테인먼트, 롯데컬처웍스(주)롯데엔터테인먼트",163.0,20230712.0,"mask, artificial intelligence (a.i.), diving, submarine, espionage, spy, nuclear missile, fake identity, secret agent, stunt, sequel, infiltration, terrorist plot, fictional government agency, misinformation, government agency, based on tv series, secret government agency","긴장감 있는,현대,기술",미국,8.501,8.51,402만,9553,14180,18483,9068
59,밀수,액션,"김혜수, 염정아, 조인성, 박정민, 김종수, 고민시, 김재화, 박준면, 박경혜, 주보비, 곽진석, 정도원, 신민재, 김충길, 이정수, 안세호, 최종원, 김원해, 김경덕, 윤병희, 김기천, 윤종구, 신영옥, 홍성오, 김준식, 이상희, 신삼봉, 구본웅, 백주희, 전현숙, 이선희, 이진희, 신우희, 백승철, 윤대열, 이태형, 정재원, 장기하, 진경, 윤경호, 송원수",류승완,"(주)외유내강, (주)넥스트엔터테인먼트월드(NEW), (주)넥스트엔터테인먼트월드(NEW), (주)콘텐츠판다, (사)한국농아인협회, 한국시각장애인연합회",129.0,20230726.0,"1970s, smugglers, smuggling, haenyeo","유머러스한,역사적,범죄",한국,7.931,7.72,514만,13754,25521,15055,2810
60,바다 탐험대 옥토넛 어보브 앤 비욘드 : 극지방 대작전,애니메이션,"하성용, 정재헌, 엄상현, 김율, 유동균, 한경화, 김정은, 박성영",,"와이드 릴리즈(주), (주)얼리버드픽쳐스, 와이드 릴리즈(주)",58.0,20250127.0,,"가볍고 유쾌한,판타지 세계,생존",영국,8.731,6.56,6.1만,172,912,1746,1037
61,바다 탐험대 옥토넛 어보브 앤 비욘드 : 바다가 위험해,"애니메이션, 액션, 어드벤처","하성용, 정재헌, 엄상현, 윤승희, 김율, 유동균, 한경화, 김정은, 박성영",,"와이드 릴리즈(주), (주)얼리버드픽쳐스, 와이드 릴리즈(주)",59.0,20240814.0,,"가볍고 유쾌한,판타지 세계,생존",영국,9.001,8.5,4.2만,184,993,1029,860
62,바이러스,드라마,"배두나, 김윤석, 장기하, 문성근, 김희원, 오현경, 민진웅, 염혜란, 유순웅, 손석구, 최형인, 김예원, 이경진, 곽민호, 홍석빈, 김경일, 박건락, 이동용, 문선용, 황재열, 곽진, 박희본",강이관,"더램프(주), 쏠라픽처스 주식회사, (주)바이포엠스튜디오",98.0,20250507.0,softcore,"로맨틱한,현대,사랑/로맨스",한국,6.931,5.96,7.4만,1941,2718,1380,345
63,범죄도시3,"범죄, 액션","마동석, 이준혁, 아오키 무네타카, 마동석, 김병탁, 이범수, 김민재, 이지훈, 김도건, 고규필, 전석호, 안세호, 한규원, 최우준, 최동구, 이세호, 이태규, 배누리, 최광제, 심영은, 김기호, 고건한, 신현용, 강윤, 홍준영, 류성현, 유인혁, 쿠니무라 준, 박지환, 정호진, 황순명, 윤상돈, 김지수, 박혜영, 김원경, 박상원, 공대유, 박준혁, 공경배, 김민, 최원석, 송이우, 주혁, 전아희, 손지영, 차재현, 연예림, 이혜지, 박상남, 이재성, 이재혁, 서문호, 한기장, 손인용, 정미형, 최춘범, 이진한, 김태윤, 백남준, 박태산, 이충구, 김소원, 강희제, 강한별, 홍이주, 배소영, 서영진, 손태오, 남지우, 신혜선, 주예은, 채건희, 이정환, 김리우, 장용희, 최현도, 김다솔, 이명로, 정우탁, 정현옥, 여성환, 김영조, 문경린, 이형석, 이찬희, 김우현, 류한종, 손종복, 이진희, 김민준, 이윤석, 정수원, 국형, 박현석, 김민수, 최광덕, 이상원, 임소현, 이한솔, 홍상우, 정무성, 강하나, 최태주, 김주희, 손승훈, 이문빈, 정규영, 전민정, 임연빈, 이호철, 이동호, 김세중, 심하느리",이상용,"주식회사 빅펀치픽쳐스, (주)홍필름, (주)비에이엔터테인먼트, 주식회사 에이비오엔터테인먼트, 메가박스중앙(주) 플러스엠 엔터테인먼트, 주식회사 에이비오엔터테인먼트, 주식회 사 케이무비엔터테인먼트, (사)한국농아인협회, 한국시각장애인연합회",105.0,20230531.0,,"폭력적인,도시,범죄",한국,7.651,7.55,1068만,30132,29341,22021,12280
64,범죄도시4,"액션, 범죄","김무열, 박지환, 이동휘, 마동석, 곽자형, 이범수, 김민재, 이지훈, 이주빈, 김도건, 김지훈, 현봉식, 김신비, 김영웅, 류지훈, 백승환, 배재원, 안성봉, 김호준, 정인기, 권일용, 박보경, 김수진, 배해선, 김다빛, 조진결, 최현도, 강준석, 정유겸, 김선문, 김모범, 박근정, 이상진, 최순진, 강전영, 정지영, 고서정, 조현식, 정기욱, 김근혁, 장태민, 임서아, 강신철, 김형범, 김형국, 홍상우, 주미진, 서지범, 이가회, 김시영, 민효경, 박현진, 강지연, 지지안, 우지영, 김예소리, 이한솔, 주석인",허명행,"주식회사 빅펀치픽쳐스, (주)홍필름, (주)비에이엔터테인먼트, 주식회사 에이비오엔터테인먼트, 메가박스중앙(주) 플러스엠 엔터테인먼트, 주식회사 에이비오엔터테인먼트, 주식회사 케이무비엔터테인먼트, (사)한국농아인협회, 한국시각장애인연합회",109.0,20240424.0,"casino, police, detective, sequel, illegal gambling, manila philippines, online gambling, intense, admiring, amused, compassionate, excited","폭력적인,도시,범죄",한국,7.511,7.37,1150만,28295,54285,652236,132477
65,베놈,"액션, SF, 스릴러","톰 하디, 치웨텔 에지오포, 주노 템플, 리스 이판, 페기 루, 알라나 우바치, 스티븐 그레이엄",켈리 마르셀,"소니픽쳐스엔터테인먼트코리아주식회사극장배급지점, 소니픽쳐스엔터테인먼트코리아주식회사극장배급지점",108.0,20241023.0,"hero, superhero, anti hero, villain, alien life-form, based on comic, sequel, aftercreditsstinger, woman director, angry, amused, indifferent, sony's spider-man universe","어두운,도시,정체성",미국,7.121,7.72,388만,5380,231,160,172
66,베놈: 라스트 댄스,"액션, SF, 스릴러","톰 하디, 치웨텔 에지오포, 주노 템플, 리스 이판, 페기 루, 알라나 우바치, 스티븐 그레이엄",켈리 마르셀,"소니픽쳐스엔터테인먼트코리아주식회사극장배급지점, 소니픽쳐스엔터테인먼트코리아주식회사극장배급지점",108.0,20241023.0,"hero, superhero, anti hero, villain, alien life-form, based on comic, sequel, aftercreditsstinger, woman director, angry, amused, indifferent, sony's spider-man universe","어두운,도시,생존",미국,7.121,6.7,176만,5380,106087,0,42991
67,베테랑2,"액션, 범죄","황정민, 정해인, 장윤주, 정만식, 신승환, 오달수, 오대환, 김시후, 안보현, 진경, 권해효, 변홍준, 조관우, 허준호, 임채은, 김재화, 김가을, 박준면, 박경혜, 주보비, 신민재, 현봉식, 남진복, 이다일, 인선호, 정호진, 유창한, 홍은철, 이서아, 고동옥, 전석찬, 이봉련, 심규식, 조성현, 김용학, 이상하, 황영윤, 강길우, 오윤홍, 김서원, 정명진, 김한솔, 진희규, 박찬별, 정혜자, 유민석, 오현석, 백종환, 임승준, 김명연, 선종구, 유하람, 강희제, 유태근, 최가은, 김미지, 유민주, 허남준, 이진희, 황인무, 김원해, 김경록, 전현숙, 김병만, 황인기, 곽자형, 박명신, 안상태, 우정원, 신우희, 윤준열, 오충근, 이상협, 유재연",류승완,"(주)외유내강, (주)씨제이이엔엠, (주)씨제이이엔엠, (사)한국농아인협회, 한국시각장애인연합회",118.0,20240913.0,,"폭력적인,도시,정의",한국,6.591,6.2,752만,15871,237493,138735,0
68,보더랜드,"판타지, 액션, 코미디","케이트 블란쳇, 케빈 하트, 잭 블랙, 아리나 그린블랫, 제이미 리 커티스, 플로리안 문테아누",일라이 로스,"(주)누리픽쳐스, (주)누리픽쳐스",100.0,20250305.0,"outlaw, based on video game, unlikely friendship, talking robot, malicious, missing girl, band of misfits, mysterious power","유머러스한,우주,우정",미국,5.381,5.38,9953,217,1812,2449,595
69,보스 베이비 2,"애니메이션, 코미디, 어드벤처","알렉 볼드윈, 에이미 세다리스, 제임스 마스던, 제프 골드블럼, 지미 키멜",톰 맥그라스,"유니버설픽쳐스인터내셔널 코리아(유), 유니버설픽쳐스인터내셔널 코리아(유)",107.0,20210721.0,"baby, boss, sequel, sibling, family","유머러스한,도시,가족",미국,8.951,8.89,92만,3082,1239,1074,860
70,보통의 가족,드라마,"설경구, 장동건, 김희애, 수현, 홍예지, 하윤희",허진호,"(주)하이브미디어코프, (주)하이그라운드, (주)하이브미디어코프, (주)마인드마크, (주)하이브미디어코프, (주)마인드마크, (주)화인컷, (사)한국농아인협회, 한국시각장애인연합회",108.0,20241016.0,"china, parenting, lgbt parenting, family portrait, gay theme","어두운,도시,가족",한국,8.101,7.99,65만,4819,12554,3817,1058
71,보호자,"액션, 드라마","정우성, 김남길, 김준한, 박성웅, 박유나, 이엘리야, 류지안, 박성준, 문성환, 김주헌, 박성근, 김문학, 박용, 이은경, 이효비, 최수임, 김준현, 길창규, 나종민, 허승, 김윤도, 임준혁, 이한결, 오경택, 이재성, 송지우, 신윤주, 이가연, 이세인, 이하은, 김서빈, 이수민, 김하나, 권은성, 최낙권, 한대훈, 배향, 선우, 강신하, 이두석, 민상우, 박진영, 김윤정",정우성,"(주)영화사테이크, (주)에이스메이커무비웍스, (주)에이스메이커무비웍스, (주)에이스메이커무비웍스, (사)한국농아인협회, 한국시각장애인연합회",97.0,20230815.0,,"폭력적인,도시,가족",한국,5.521,4.44,12만,5408,4454,2840,1616
72,브레드이발소: 빵스타의 탄생,애니메이션,"엄상현, 박윤희, 강시현, 홍범기, 김현욱, 윤아영, 김보나, 안영미, 정의진",정지환,"㈜브레드이발소, 씨제이 씨지브이(CJ CGV)(주)",76.0,20240914.0,bread,"가볍고 유쾌한,판타지 세계,성장",한국,9.251,9.37,26만,1892,8392,4377,4195
73,브로큰,"범죄, 드라마","하정우, 김남길, 유다인, 정만식, 임성재, 이설, 김찬형, 장준녕, 박종환, 차래형, 서현우, 정재광, 서혜린, 허성태, 김미경, 김민상, 류성현, 김미화, 양흥주, 강학수, 김시은, 윤대열, 양지수, 강도연, 현우석, 황보정일, 신동석, 이태형, 이혜수, 척재희, 김하은, 엄옥란, 박가영, 이채린, 유수정, 임한성, 김연교, 박재한, 박혜영, 박응수, 정환욱, 유병선, 노승우, 심재완, 안재만, 승형배, 이세호, 차시원, 이호, 홍준희, 정청민, 한동원, 박성인, 유인선, 주예지, 김예림, 임영주, 김형석, 김보현, 조순철, 이세랑",김진황,"을지기획 주식회사, (주)사나이픽처스, (주)바른손이앤에이, (주)바른손이앤에이, (주)바른손이앤에이",99.0,20250205.0,"family, diabetic, mental hospital, father daughter relationship","서스펜스 있는,도시,가족",한국,5.511,3.44,19만,4340,50614,26782,7339
74,블랙 백,"드라마, 스릴러","케이트 블란쳇, 마이클 패스벤더, 톰 버크, 나오미 해리스, 레게-장 페이지, 피어스 브로스넌",스티븐 소더버그,"유니버설픽쳐스인터내셔널 코리아(유), 유니버설픽쳐스인터내셔널 코리아(유)",93.0,20250319.0,"london, england, husband wife relationship, spy, marriage, suspicion, dinner, intelligence officer, calm, polygraph, zurich, switzerland","서스펜스 있는,도시,배신",미국,7.331,6.96,8588,191,1605,1378,560
75,블랙 크록,공포(호러),,타넬리 무스토넨,"(주)엔케이컨텐츠, (주)엔케이컨텐츠",87.0,20250324.0,"alligator, swamp monster, survival horror","긴장감 있는,시골,생존",영국,3.501,3.5,6,100,7027,189,0
76,비키퍼,"액션, 스릴러","제이슨 스타뎀, 조쉬 허처슨, 제레미 아이언스",데이비드 에이어,"(주)바른손이앤에이, (주)올스타엔터테인먼트",105.0,20240403.0,"massachusetts, frantic, vengeance, secret government agency, fbi agent, beekeepers, scammer, scam call center, retired assassin, amused, cliché, vibrant","냉혹한,현대,복수",미국,7.601,8.22,10만,1216,32027,40509,20598
77,빅 히어로,기타,,,,87.0,,"friendship, martial arts, hero, sibling relationship, san francisco, california, superhero, talent, cartoon, villain, based on comic, coming of age, revenge, tokyo, japan, best friend, another dimension, robot, east asian lead, boy genius, super villain, aftercreditsstinger, villain arrested, supervillain, moral dilemma, teen superhero, dead brother, hopeful","마음이 따뜻해지는,도시,우정",기타,9.291,9.01,280만,7386,596,339,271
78,빅토리,드라마,,,,85.0,,"based on novel or book, biography, based on true story, 19th century, british monarchy","영감을 주는,학교,성장",인도,8.001,8.57,50만,4531,1739,506,733
79,뽀로로 극장판 바닷속 대모험,애니메이션,"이선, 이미자, 함수정, 홍소영, 정미숙, 김서영, 김환진, 한신, 엄상현, 윤용식",윤제완,"(주)오콘, 씨제이 씨지브이(CJ CGV)(주)",71.0,20250101.0,,"가볍고 유쾌한,판타지 세계,우정",한국,9.291,9.42,42만,652,24154,8064,2615
80,뽀로로 극장판 슈퍼스타 대모험,애니메이션,"이선, 이미자, 함수정, 홍소영, 정미숙, 김서영, 김환진, 사문영, 한신, 심규혁, 김율, 황창영","김성민, 윤제완","(주)오콘, 씨제이 씨지브이(CJ CGV)(주), (사)한국농아인협회, 한국시각장애인연합회",77.0,20231213.0,,"가볍고 유쾌한,판타지 세계,성장",한국,8.571,9.26,38만,1255,13062,3890,1562
81,사랑의 하츄핑,애니메이션,"이지현, 조경이, 최낙윤, 여민정, 홍소영, 홍범기, 김하영, 류승곤, 조현정, 김은아, 장예나, 엄상현",김수훈,"(주)에스에이엠지엔터테인먼트, (주)쇼박스, (주)에스에이엠지엔터테인먼트, (사)한국농아인협회, 한국시각장애인연합회",86.0,20240807.0,,"마음이 따뜻해지는,판타지 세계,우정",한국,8.741,8.99,124만,3846,168,99382,27947
82,사바하,"미스터리, 스릴러","이정재, 박정민, 이재인, 유지태, 정진영, 진선규, 이다윗, 황정민, 지승현, 이항나, 정동환, 오윤홍, 진선규, 차순배, 김승현, 이상우, 배해선, 차래형, 김근영, 윤경호, 문창길, 문숙, 강나영, 김두은, 김유린, 김지후, 조수지, 신보경, 정병두, 이재순, 배선엽, 곽영신, 유승희, 장지민, 정혜은, 강우진, 윤창희, 김근우, 이치민, 하승협, 권해성, 손병우, 박상현, 김찬빈, 한유한, 이월진, 박재만, 박영래, 이광석, 한형주, 류현주, 손연서, 유선이, 강민재, 남도현, 강성철, 강지현, 류경인, 권귀빈, 박수미, 권오준, 민설애, 김가은, 김금순, 박종범, 설시연, 박지윤, 박지환, 박진영, 박훈, 김명희, 백승철, 신유진, 안성진, 안현빈, 김범수, 오누리, 노유림, 옥영진, 옥주리, 김소숙, 강민지, 임현주, 정재은, 임효진, 김현정, 이주실, 허다정, 이준구, 정한호, 장영애, 권태호, 김홍파, 김정훈, 조한준, 이문석, 이수정, 황인준, 정미경, 조한아름, 이건창, 김지수, 정서인, 권해성, 이대현, 김진옥, 표성수, 표예리, 한다경, 이한울, 이한울, 김태윤, 이은주, 김유나, 이재진, 장희욱, 박지윤, 박규범",장재현,"(주)외유내강, (주)필름케이, (주)씨제이이엔엠, (주)씨제이이엔엠, 씨제이엔터테인먼트, (사)한국농아인협회, 한국시각장애인연합회",122.0,20190220.0,"religion and supernatural, investigation, religion","어두운,현대,구원",한국,7.431,7.41,240만,4768,219,1837,5369
83,사흘,"공포(호러), 미스터리","박신양, 이민기, 이레, 김세정, 최미라, 김근영, 하윤희",현문섭,"(주)아이필름코퍼레이션, 주식회사 메이데이홀딩컴퍼니, (주)쇼박스, (주)쇼박스, (사)한국농아인협회, 한국시각장애인연합회",94.0,20241114.0,,"어두운,현대,가족",한국,6.151,3.83,20만,2641,23193,0,0
84,삼총사 파트1: 달타냥,"어드벤처, 액션",,,,121.0,,"sword, musketeer, 1620s, three musketeers","긴장감 있는,역사적,정의",프랑스,5.861,5.86,0,33,2668,2110,370
85,서바이브,"스릴러, 액션, SF",에밀리 드켄,프레데릭쟈댕,"주식회사 풍경소리, 주식회사 풍경소리",89.0,20250123.0,survival,"긴장감 있는,종말 이후,생존","프랑스, 벨기에",4.111,4.26,104,223,2413,4456,2112
86,서울의 봄,드라마,"황정민, 정우성, 이성민, 박해준, 김성균, 김의성, 정동환, 안내상, 유성주, 최병모, 박훈, 이재윤, 김성오, 남윤호, 홍서준, 안세호, 정형석, 박정학, 박원상, 박민이, 염동헌, 전진기, 차래형, 공재민, 권혁, 한창현, 송영근, 전수지, 서광재, 임철형, 현봉식, 곽자형, 전운종, 이승희, 김기무, 문성복, 김옥주, 박정표, 곽진석, 한규원, 우미화, 차건우, 최원경, 정만식, 정해인, 이준혁, 심가영, 윤호림, 이미라, 이귀우, 우아름, 김지원, 최기동, 양영문, 진현광",김성수,"(주)하이브미디어코프, 메가박스중앙(주) 플러스엠 엔터테인먼트, 메가박스중앙(주) 플러스엠 엔터테인먼트, 메가박스중앙(주) 플러스엠 엔터테인먼트, (사)한국농아인협회, 한국시각장애인연합회",141.0,20231122.0,"politics, 1970s, coup d'etat, martial law, docudrama, political thriller, korea president, korean army, seoul, south korea, chun doo-hwan, based on real person","긴장감 있는,역사적,정치",한국,9.471,9.52,1312만,47421,509992,113638,60821
87,설계자,"범죄, 드라마","강동원, 이무생, 이미숙, 이현욱, 탕준상, 김홍파, 김신록, 이동휘, 정은채, 현봉식, 윤복인, 이종석, 장희진, 우지현, 김태준, 최병윤, 유동훈, 김민광, 강주현, 나경철, 안예은, 이윤재, 하정민, 류한선, 손경원, 류성록, 이정현, 정기욱, 박정표, 오일영, 김낙균, 이두석, 박병관, 조정민, 정유진, 정우혁, 최정화, 이순풍, 김병철, 이은주, 박현실, 한상균, 윤단비, 박진감, 홍기주, 황재열, 홍석빈, 황재훈, 박강섭",이요섭,"영화사 집, (주)넥스트엔터테인먼트월드(NEW), (사)한국농아인협회, 한국시각장애인연합회",99.0,20240529.0,"perfect crime, remake, killer","서스펜스 있는,도시,범죄",한국,5.521,3.75,52만,3662,72140,39393,32208
88,설리: 허드슨강의 기적,드라마,"톰 행크스, 아론 에크하트, 로라 린니",클린트 이스트우드,"워너브러더스 코리아(주), 워너브러더스 코리아(주)",95.0,20160928.0,"rescue, new york city, airplane, investigation, pilot, based on true story, emergency landing, flight, aviation, airplane accident, based on memoir or autobiography, bird attack, hudson river, duringcreditsstinger, dramatic","영감을 주는,도시,구원",미국,8.921,9.25,62만,2518,3772,200,132
89,센과 치히로의 행방불명,"애니메이션, 어드벤처, 가족, 판타지",이리노 미유,미야자키 하야오,"씨네그루(주)다우기술, 대원미디어(주), (주)스마일이엔티",126.0,20020627.0,"witch, parent child relationship, darkness, bath house, magic, spirit, parallel world, amusement park, youkai, japanese mythology, anime","희망적인,판타지 세계,성장",일본,9.581,9.4,0,17872,994,819,599
90,수퍼 소닉,애니메이션,"짐 캐리, 벤 슈왈츠, 제임스 마스던, 티카 섬터, 이드리스 엘바, 키아누 리브스",제프 파울러,"파라마운트 픽쳐스, 롯데컬처웍스(주)롯데엔터테인먼트, 롯데컬처웍스(주)롯데엔터테인먼트",109.0,20250101.0,"moon, sequel, based on video game, psychotic, dual role, aftercreditsstinger, duringcreditsstinger, hedgehog, live action and animation, grandfather grandson relationship, animal human friendship, anthropomorphic animal, loss and grief, cliché, complicated, sceptical","가볍고 유쾌한,시골,우정",미국,8.721,8.27,11만,1938,2556,1787,579
91,수퍼 소닉2,"애니메이션, 액션, 어드벤처, 코미디, 가족, 판타지, SF","제임스 마스던, 짐 캐리, 벤 슈왈츠, 이드리스 엘바, 티카 섬터",제프 파울러,"파라마운트 픽쳐스, 롯데컬처웍스(주)롯데엔터테인먼트, 롯데컬처웍스(주)롯데엔터테인먼트",122.0,20220406.0,,"가볍고 유쾌한,현대,가족",미국,7.741,8.65,31만,1013,1099,1029,485
92,수퍼 소닉3,애니메이션,"짐 캐리, 벤 슈왈츠, 제임스 마스던, 티카 섬터, 이드리스 엘바, 키아누 리브스",제프 파울러,"파라마운트 픽쳐스, 롯데컬처웍스(주)롯데엔터테인먼트, 롯데컬처웍스(주)롯데엔터테인먼트",109.0,20250101.0,,"가볍고 유쾌한,현대,가족",미국,8.151,9.16,36만,1330,1811,36411,9467
93,슈퍼 마리오 브라더스,"애니메이션, 어드벤처, 코미디","크리스 프랫, 안야 테일러 조이, 잭 블랙, 찰리 데이",,"유니버설픽쳐스인터내셔널 코리아(유), 유니버설픽쳐스인터내셔널 코리아(유)",92.0,20230426.0,"gorilla, plumber, villain, anthropomorphism, magic mushroom, based on video game, toad, aftercreditsstinger, duringcreditsstinger, damsel in distress, piano, brother brother relationship, illumination, evil king","가볍고 유쾌한,판타지 세계,우정",미국,8.351,9.04,239만,4124,4841,2246,1394
94,수퍼 배드,"애니메이션, 액션, 어드벤처, 코미디","스티브 카렐, 크리스틴 위그, 미란다 코스그로브, 스티브 쿠건, 피에르 꼬팽",크리스 리노드,"유니버설픽쳐스인터내셔널 코리아(유), 유니버설픽쳐스인터내셔널 코리아(유)",93.0,20240724.0,"superhero, villain, sequel, super villain, aftercreditsstinger, duringcreditsstinger, kids, calm, illumination","유머러스한,도시,가족",미국,9.001,9.0,0,785,304,339,104
95,슈퍼배드,"애니메이션, 액션, 어드벤처, 코미디","스티브 카렐, 크리스틴 위그, 미란다 코스그로브, 스티브 쿠건, 피에르 꼬팽",크리스 리노드,"유니버설픽쳐스인터내셔널 코리아(유), 유니버설픽쳐스인터내셔널 코리아(유)",93.0,20240724.0,"superhero, villain, sequel, super villain, aftercreditsstinger, duringcreditsstinger, kids, calm, illumination","유머러스한,도시,가족",미국,9.001,9.0,104만,785,15400,35776,9665
96,스즈메의 문단속,애니메이션,"하라 나노카, 마츠무라 호쿠토",신카이 마코토,"(주)쇼박스, (주)미디어캐슬, (주)로커스",121.0,20230308.0,"magic, door, natural disaster, calamity, travel, teenage girl, female protagonist, shrine, supernatural creature, enviromental, journey, anime, adventure","희망적인,시골,슬픔",일본,8.111,8.13,558만,23630,20910,13461,9066
97,스즈메의 문단속: 다녀왔어,애니메이션,"하라 나노카, 마츠무라 호쿠토",신카이 마코토,"(주)쇼박스, (주)미디어캐슬, (주)로커스",121.0,20240110.0,"magic, door, natural disaster, calamity, travel, teenage girl, female protagonist, shrine, supernatural creature, enviromental, journey, anime, adventure","희망적인,시골,슬픔",일본,8.431,7.72,4.8만,1646,328,2953,1098
98,스트리밍,스릴러,"강하늘, 하서윤, 하경, 하현수, 한재영, 김기두, 이현후, 박태산, 송덕호, 이도은, 이소율, 이한율, 류연석, 윤용식, 이중곤, 윤지수, 추석영, 임현수, 김요한, 한성연, 고수진, 원우, 방효선, 하현정, 강영준, 김태영, 백민현",조장호,"베리굿스튜디오(주), 롯데컬처웍스(주)롯데엔터테인먼트, 롯데컬처웍스(주)롯데엔터테인먼트",91.0,20250321.0,"found footage, youtuber","서스펜스 있는,도시,범죄",한국,5.861,2.96,10만,3442,8390,6666,1454
99,시민덕희,드라마,"라미란, 공명, 염혜란, 박병은, 장윤주, 이무생, 안은진, 윤희락, 김율호",박영주,"(주)씨제스스튜디오, 페이지원필름(주), (주)쇼박스, (주)쇼박스, (사)한국농아인협회, 한국시각장애인연합회",113.0,20240124.0,"china, fraud, based on true story, financial fraud, phishing, qingdao, china","희망적인,현대,정의",한국,8.281,8.76,171만,6543,94311,52370,34295
100,시빌 워: 분열의 시대,"액션, 전쟁, 드라마","커스틴 던스트, 케일리 스패니, 와그너 모라, 스티븐 헨더슨, 제시 플레먼스, 닉 오퍼맨",알렉스 가랜드,"(주)마인드마크, (주)더쿱디스트리뷰션, (주)마인드마크, 콘텐츠웨이브(주), (주)하이스트레인저",109.0,20241231.0,"superhero, based on comic, sequel, super soldier, aftercreditsstinger, duringcreditsstinger, marvel cinematic universe (mcu), angry, superhero teamup, bitter","어두운,디스토피아,전쟁",미국,8.291,7.61,11만,1386,33793,12761,3785
101,신명,"드라마, 미스터리","김규리, 안내상, 동방우, 박지서, 이주미",,"(주)열공영화제작소, (주)열공영화제작소, (주)스마일이엔티, 주식회사 블루필름웍스",117.0,20250602.0,,"서스펜스 있는,현대,권력",한국,8.391,7.59,78만,22653,64319,16245,0
102,신차원! 짱구는 못말려 더 무비 초능력 대결전 ~날아라 수제김밥~,애니메이션,,오네 히토시,"(주)씨제이이엔엠, (주)씨제이이엔엠, (사)한국농아인협회, 한국시각장애인연합회",94.0,20231222.0,"superhero, kindergarten, based on manga, seinen, anime, 3d animation","유머러스한,도시,가족",일본,7.921,8.63,94만,1743,29222,14790,12021
103,아노라,"드라마, 코미디, 멜로/로맨스","미키 매디슨, 마크 아이델스테인, 유리 보리소프, 카렌 카라굴리안, 바체 토브마샨",션 베이커,"유니버설픽쳐스인터내셔널 코리아(유), 유니버설픽쳐스인터내셔널 코리아(유)",139.0,20241106.0,"new year's eve, new york city, marriage, boardwalk, baptism, strip club, coney island, female protagonist, mansion, class differences, las vegas, lap dance, home invasion, drunk, brooklyn, new york city, screwball comedy, new york subway, hedonism, immaturity, city hall, exotic dancer, sex worker, naive children, female stripping, meddling parents, annulment, reflective, strip show, russian oligarch, loving, mischievous, sex, party, female rage, vegas wedding, romantic dramedy, cinderella story, depressing, apathetic, conceited, tragic, brighton beach","씁쓸한,도시,사랑/로맨스",미국,8.061,7.31,7.9만,1471,17706,2116,2069
104,아마존 활명수,코미디,"류승룡, 진선규, 이고르 페드로소, 루안 브룸, J.B. 올리베이라, 염혜란, 고경표",김창주,"(주)로드픽쳐스, (주)씨제이이엔엠, (주)바른손이앤에이, (주)바른손이앤에이, (사)한국농아인협회, 한국시각장애인연합회",112.0,20241030.0,"archery, amazon tribe","유머러스한,시골,성장",한국,6.201,6.9,60만,4058,29123,84285,0
105,아바타: 물의 길,"액션, 어드벤처, SF, 스릴러","조 샐다나, 샘 워싱턴, 시고니 위버, 스티븐 랭, 케이트 윈슬렛",제임스 카메론,"월트디즈니컴퍼니코리아 유한책임회사, 월트디즈니컴퍼니코리아 유한책임회사",192.0,20221214.0,"sequel, аватар 3, аватар огонь и пепел","희망적인,판타지 세계,가족",미국,8.831,8.19,1080만,24784,1880,893,656
106,아쿠아맨과 로스트 킹덤,"액션, 어드벤처, 판타지","제이슨 모모아, 패트릭 윌슨, 야히아 압둘 마틴 2세, 앰버 허드, 니콜 키드먼",제임스 완,"워너브러더스 코리아(주), 워너브러더스 코리아(주)",123.0,20231220.0,"superhero, secret society, half-brother, sequel, revenge, dysfunctional relationship, dc extended universe (dceu), ancient evil, underwater world, vengeance, brother brother relationship","긴장감 있는,판타지 세계,가족",미국,7.461,8.05,87만,2550,94420,56065,22299
107,악마와의 토크쇼,공포(호러),"데이비드 다스트말치안, 로라 고든, 조지나 헤이그",,"주식회사 올랄라스토리, 찬란, (주)에이유앤씨",92.0,20240508.0,"new york city, 1970s, halloween, possession, hallucination, evil, hypnotism, macabre, found footage, satanic cult, death of wife, parapsychology, magician, late-night show, supernatural horror, provocative, satanic panic, ambiguous, scathing","어두운,역사적,권력",호주,7.671,6.84,10만,1206,7862,3009,897
108,알라딘,"어드벤처, 가족, 판타지","메나 마수드, 윌 스미스, 나오미 스콧",가이 리치,"월트디즈니컴퍼니코리아 유한책임회사, 월트디즈니컴퍼니코리아 유한책임회사",127.0,20190523.0,"hero, hustler, palace, sultan, flying carpet, musical, rags to riches, romance, monkey, family, first love, based on myths, legends or folklore, genie, arabian nights, live action and animation, live action remake, hilarious, familiar","희망적인,판타지 세계,사랑/로맨스",미국,9.411,9.36,1280만,23545,886,844,677
109,앱솔루션,드라마,리암 니슨,한스 페터 몰란트,,112.0,,gangster,"어두운,도시,범죄",미국,0.0,0.0,0,10,3,4302,589
110,야당,"범죄, 액션","강하늘, 유해진, 박해준, 류경수, 채원빈",황병국,"(주)하이브미디어코프, 메가박스중앙(주) 플러스엠 엔터테인먼트, 메가박스중앙(주) 플러스엠 엔터테인먼트",136.0,20250806.0,drugs,"긴장감 있는,도시,범죄",한국,8.851,8.84,337만,11210,103774,126060,7227
111,어른 김장하,다큐멘터리,김장하,김현지,"MBC경남, (주)시네마달, (주)시네마달",104.0,20231115.0,,"영감을 주는,현대,구원",한국,9.501,9.86,4ㅁ만,3139,129,52,67
112,어바웃 타임,"멜로/로맨스, 코미디","레이첼 맥아담스, 도널 글리슨, 빌 나이",리차드 커티스,"유니버설픽쳐스인터내셔널 코리아(유), 유니버설픽쳐스인터내셔널 코리아(유)",123.0,20131205.0,"london, england, parent child relationship, time travel, family secrets, cornwall, england, family, second chance, thoughtful, time-manipulation, reflective, playful, introspective, intimate, sentimental, whimsical, adoring, appreciative, celebratory, comforting, compassionate, exuberant, hopeful, viajes en el tiempo, viaje en el tiempo","마음이 따뜻해지는,도시,가족",영국,9.251,9.2,345만,27646,560,588,734
113,어벤져스: 인피니티 워,"액션, 어드벤처, 판타지, SF","로버트 다우니 주니어, 조슈 브롤린, 마크 러팔로, 톰 히들스턴, 크리스 에반스, 크리스 헴스워스, 제레미 레너, 스칼렛 요한슨, 엘리자베스 올슨, 안소니 마키, 폴 러드, 기네스 팰트로우, 폴 베타니, 돈 치들, 베네딕트 컴버배치, 톰 홀랜드, 크리스 프랫, 조 샐다나, 카렌 길런, 브래들리 쿠퍼, 빈 디젤, 데이브 바티스타, 세바스찬 스탠, 채드윅 보스만, 코비 스멀더스, 베니시오 델 토로, 피터 딘클리지, 사무엘 L. 잭슨, 다네이 거라이라, 베네딕트 웡","조 루소, 안소니 루소","월트디즈니컴퍼니코리아 유한책임회사, 월트디즈니컴퍼니코리아 유한책임회사",149.0,20180425.0,"new york city, superhero, shield, based on comic, alien invasion, superhero team, aftercreditsstinger, duringcreditsstinger, marvel cinematic universe (mcu)","어두운,우주,생존",미국,9.091,8.88,1123만,12776,824,763,617
114,에이리언: 로물루스,"공포(호러), SF","케일리 스패니, 데이비드 존슨, 이사벨라 머세드",페데 알바레즈,"월트디즈니컴퍼니코리아 유한책임회사, 월트디즈니컴퍼니코리아 유한책임회사",118.0,20240814.0,"alien life-form, sequel, alien, space, alien contact, alien monster, alien encounter, space capsule, cryonics, alien hostility, spaceship, sci-fi horror, ambiguous","긴장감 있는,우주,생존",미국,8.691,8.24,200만,4767,46405,16356,8637
115,연평해전,드라마,"김무열, 진구, 이현우, 이완, 이한종, 송재호, 박정학, 이철민, 장의수, 한이진, 천지유, 이청아, 김희정, 김율호, 박찬희, 박혜준, 최순조, 최승준, 최종환, 유형균, 김강일, 한창현",김학순,"(주)로제타시네마, (주)넥스트엔터테인먼트월드(NEW), (주)넥스트엔터테인먼트월드(NEW), IBK 기업은행, IBK캐피탈, (주)콘텐츠판다, (사)한국농아인협회, 한국시각장애인연합회",130.0,20150624.0,"navy, world cup, korean war (1950-53), korean navy","비장한,군대,전쟁",한국,9.141,9.0,604만,24614,537,564,416
116,열혈검사,액션,"견자단, 장지림, 오진우",견자단,"(주)디스테이션, (주)엔케이컨텐츠, 주식회사 케이티스튜디오지니",117.0,20250416.0,"court, drug trafficking, attempted murder, based on true story, killer, wrongful conviction, political corruption, gun fight","긴장감 있는,도시,정의",중국,7.861,8.35,1.3만,756,7866,15480,4576
117,영웅,"전쟁, 액션",양가휘,서극,"(주)스튜디오디에이치엘, (주)키노라이츠, (주)스튜디오디에이치엘, (주)키노라이츠",147.0,20250725.0,"musical, based on true story, based on play or musical, japanese invasion of korea, korean resistance, 1900s, japanese occupation of korea, harbin, china","비장한,역사적,정의",중국,9.131,9.01,327만,526,1845,628,1152
118,오펜하이머,"스릴러, 드라마","킬리언 머피, 에밀리 블런트, 맷 데이먼, 로버트 다우니 주니어, 플로렌스 퓨, 조쉬 하트넷, 케이시 애플렉, 라미 말렉, 케네스 브래너",크리스토퍼 놀란,"유니버설픽쳐스인터내셔널 코리아(유), 유니버설픽쳐스인터내셔널 코리아(유)",180.0,20230815.0,"husband wife relationship, based on novel or book, atomic bomb, patriotism, new mexico, world war ii, atomic bomb test, physics, biography, based on true story, antisemitism, interrogation, guilt, historical event, nuclear weapons, communism, red scare, mccarthyism, top secret project, moral dilemma, usa politics, 1940s, 20th century, manhattan project, los alamos","비장한,역사적,전쟁",미국,8.53,7.95,323만,15273,25492,10119,13432
119,올빼미,스릴러,"준열, 유해진, 최무성, 조성하, 박명훈, 김성철, 안은진, 조윤서, 이주원, 김예은, 정석원, 이중현, 김상욱, 류성현, 김승태, 신문성, 안성봉, 문승배, 김인권, 김채원, 김도원, 양희명, 강진휘, 박희은, 김샛별, 김재현, 류석호, 손경원, 송동환, 강덕중, 안세호, 배용근, 류지훈, 조경현, 신정원, 황보정일, 윤진영, 윤준열, 정동근, 최돈학, 서인혁, 고한민, 장태민, 서문호, 이동희, 노정현, 김설, 손문영, 김태준, 안석현, 권병철, 고덕원, 이정훈, 김현정, 장윤정, 류진, 남시훈, 이태호, 김현우, 한수빈, 한여름, 설옥남, 김수민, 이정우, 전민옥, 전동현, 권병철, 황영윤, 홍의정, 이충식, 전기수, 최춘범, 이수민, 전기수","안태진 (주)씨제스스튜디오, (주)영화사 담담, (주)넥스트엔터테인먼트월드(NEW), (주)넥스트엔터테인먼트월드(NEW), (사)한국농아인협회, 한국시각장애인연합회",,118.0,20221123.0,"skeleton, choir, little girl, madness, mother daughter relationship","서스펜스 있는,역사적,정의",한국,8.721,9.39,332만,14089,1709,2018,1088
120,외계+인 2부,기타,"류준열, 김태리, 김우빈, 이하늬, 염정아, 조우진, 김의성, 진선규, 신정근, 윤경호, 이시훈, 유진호, 최미금, 위지웅",최동훈,"(주)케이퍼필름, (주)씨제이이엔엠, (주)씨제이이엔엠, (사)한국농아인협회, 한국시각장애인연합회",122.0,20240110.0,"time warp, time travel, alien","가볍고 유쾌한,역사적,구원",한국,8.001,8.68,143만,6969,150360,71827,33013
121,용감한 시민,"액션, 드라마","신혜선, 이준영, 박정우, 박혁권, 차청화, 손숙, 이중옥, 이찬형, 김기범, 민아람, 동효희, 남정우, 장혜조, 김경룡, 김소희, 김정호, 김혜화, 김동혁, 이필라, 하경민, 이주미",박진표,"스튜디오엔(주), 볼미디어(주) , 오스카10스튜디오, (주)마인드마크, 콘텐츠웨이브(주), (사)한국농아인협회, 한국시각장애인연합회",112.0,20231025.0,"secret identity, female fighter, female teacher, anti-bullying, female superhero, based on webcomic or webtoon, south korean","희망적인,학교,정의",한국,6.871,6.67,26만,7708,60632,31267,27769
122,원맨,액션,,,"(주)투케이에스픽처스, (주)키다리스튜디오",89.0,,"assassin, 1970s, village, ira (irish republican army), bombing, belfast, north ireland, violence","냉혹한,시골,복수",미국,6.89,6.89,5463,301,16320,5995,3009
123,원정빌라,"공포(호러), 스릴러","이현우, 문정희, 방민아",김선국,"(주)케이드래곤, (주)스마일이엔티, (주)스마일이엔티, (주)케이티알파",86.0,20241204.0,"cult, thriller","어두운,시골,가족",한국,8.251,6.01,1.8만,858,3601,955,842
124,웡카,"판타지, 드라마","티모시 샬라메, 칼라 레인, 올리비아 콜맨, 톰 데이비스, 휴 그랜트, 샐리 호킨스",폴 킹,"워너브러더스 코리아(주), 워너브러더스 코리아(주)",116.0,20240131.0,"chocolate, musical, prequel, nostalgic, duringcreditsstinger, cartel","희망적인,도시,성장",미국,7.981,8.22,353만,7887,12259,91442,31477
125,위시,"코미디, 액션","한도진, 문삼국, 백태훈, 문병선, 신건민, 박병규, 김주일, 민준기, 조민찬, 한성우","홍승대, 김주일",승필름,37.0,,christmas,"희망적인,판타지 세계,성장",한국,7.111,6.13,140만,2741,32790,12779,3766
126,이처럼 사소한 것들,드라마,"킬리언 머피, 에밀리 왓슨",,"그린나래미디어(주), (주)스튜디오 산타클로스엔터테인먼트, 그린나래미디어(주), (주)스튜디오 산타클로스엔터테인먼트",97.0,20241211.0,"small town, husband wife relationship, based on novel or book, choir, flashback, ireland, barbershop, catholicism, coal, merchant, disturbed, christmas, abuse, 1980s, grim, dreary, complicity, convent, magdalene asylum, depressing, gentle","우울한,역사적,정의",미국,7.941,8.67,6만,1263,1391,2070,975
127,인사이드 아웃 2,애니메이션,"에이미 포엘러, 토니 헤일",켈시 만,"월트 디즈니 픽쳐스, 픽사 애니메이션 스튜디오, 월트디즈니컴퍼니코리아 유한책임회사, 월트디즈니컴퍼니코리아 유한책임회사",96.0,20240612.0,"sadness, disgust, sequel, computer animation, teenage girl, fear, anger, envy, aftercreditsstinger, duringcreditsstinger, emotions, embarrasment, anxious, joy, anxiety, cliché","마음이 따뜻해지는,현대,정신 건강",미국,8.891,9.21,879만,16207,101932,65161,16795
128,인사이드 아웃,기타,,,,,,"sadness, disgust, sequel, computer animation, teenage girl, fear, anger, envy, aftercreditsstinger, duringcreditsstinger, emotions, embarrasment, anxious, joy, anxiety, cliché","마음이 따뜻해지는,현대,정신 건강",기타,9.051,9.14,497만,11109,1658,1490,1772
129,잠자는 장모님을 아내라고 착각해 안아버린 밤,성인물(에로),,니시다 류지,(주)도키엔터테인먼트,61.0,,,"로맨틱한,현대,사랑/로맨스",일본,0.0,0.0,0,0,4,28,901
130,존 오브 인터레스트,드라마,"크리스티안 프리에델, 산드라 휠러",조나단 글레이저,"TCO(주)더콘텐츠온, 찬란, (주)51k",104.0,20240605.0,"husband wife relationship, based on novel or book, nazi, concentration camp, holocaust (shoah), world war ii, auschwitz-birkenau concentration camp, garden, biography, based on true story, nazi officer, genocide, 1940s, commandant, complicity","어두운,역사적,전쟁",미국,8.801,8.25,20만,2277,4943,2288,903
131,존 윅 4,액션,"키아누 리브스, 로렌스 피쉬번, 이안 맥쉐인, 빌 스카스가드, 견자단",채드 스타헬스키,"(주)레드아이스 엔터테인먼트, (주)제이앤씨미디어그룹, (주)바이포엠스튜디오, 리바이브콘텐츠 주식회사, (주)제이앤씨미디어그룹",169.0,20230412.0,"new york city, martial arts, berlin, germany, hitman, sequel, organized crime, osaka, japan, blindness, aftercreditsstinger, hunted, consequences, aggressive, professional assassin, neo-noir, suspenseful, tense, exhilarated, pretentious, japanese mafia, japan style, located in japan","폭력적인,도시,복수",미국,8.301,7.74,192만,5299,2850,2487,915
132,주차금지,스릴러,"류현경, 김뢰하, 차선우, 김장원, 이정빈, 장희정, 김영선, 정상훈",손현우,"㈜영화사 주단, ㈜영화사 주단, (주)플레이그램, (주)플레이그램, (주)플레이그램",90.0,20250521.0,,"긴장감 있는,도시,범죄",한국,8.111,4.67,1.9만,605,8596,7688,493
133,주토피아,애니메이션,"지니퍼 굿윈, 제이슨 베이트먼, 키 호이 콴","재러드 부시, 바이론 하워드","월트디즈니컴퍼니코리아 유한책임회사, 월트디즈니컴퍼니코리아 유한책임회사",,,"sequel, anthropomorphism","희망적인,도시,정의",미국,9.331,9.41,471만,10126,1671,1014,1098
134,쥬라기 공원,"SF, 액션, 어드벤처","샘 닐, 로라 던, 제프 골드블럼, 리차드 어텐보로",스티븐 스필버그,"유니버셜 픽쳐스, 유니버설픽쳐스인터내셔널 코리아(유), 유아이피-씨아이씨, 유니버설픽쳐스인터내셔널 코리아(유)",126.0,,"exotic island, island, triceratops, brontosaurus, electric fence, dna, tyrannosaurus rex, paleontology, dinosaur, amusement park, theme park","긴장감 있는,시골,생존",미국,6.681,7.61,554만,4822,288,196,174
135,쥬라기 월드: 도미니언,"액션, 어드벤처","크리스 프랫, 브라이스 달라스 하워드, 드완다 와이즈, 로라 던, 제프 골드블럼, 샘 닐",콜린 트레보로우,"유니버설픽쳐스인터내셔널 코리아(유), 유니버설픽쳐스인터내셔널 코리아(유)",146.0,20220601.0,"island, secret mission, stranded, dinosaur, family, genetic experiment","긴장감 있는,현대,생존",미국,6.771,5.91,283만,7042,735,907,703
136,쥬라기 월드: 폴른 킹덤,"액션, 어드벤처, SF","크리스 프랫, 브라이스 달라스 하워드, 제프 골드블럼, 저스티스 스미스, 토비 존스, B.D. 웡, 테드 레빈, 제임스 크롬웰, 라프 스팰, 제랄딘 채플린, 마이클 파파존, 카밀 레미에쉐브스키, 다니엘라 피네다, 로버트 엠스",후안 안토니오 바요나,"유니버설픽쳐스인터내셔널 코리아(유), 유니버설픽쳐스인터내셔널 코리아(유)",127.0,20180606.0,"island, secret mission, stranded, dinosaur, family, genetic experiment","긴장감 있는,시골,생존",미국,8.551,7.5,566만,2915,432,254,223
137,침범,"미스터리, 스릴러","곽선영, 권유리, 이설, 기소유, 신동미, 허정도, 길해연, 유정후, 허지원, 김승희, 염지영, 윤기창, 이철우, 한예주, 서예나","이정찬, 김여정","(주)스튜디오 산타클로스엔터테인먼트, (주)스튜디오 산타클로스엔터테인먼트, (주)스튜디오 산타클로스엔터테인먼트, (주)콘텐츠판다",112.0,20250312.0,based on webcomic or webtoon,"서스펜스 있는,현대,가족",한국,7.541,7.19,8.7만,2086,1634,7114,1631
138,칸다하,"스릴러, 액션",제라드 버틀러,릭 로먼 워,"(주)누리픽쳐스, (주)누리픽쳐스",119.0,20230920.0,"central intelligence agency (cia), undercover agent, behind enemy lines","긴장감 있는,군대,생존",미국,7.201,8.28,6149,177,1870,1948,1447
139,캐시 아웃 2,"액션, 범죄","존 트라볼타, 지나 거손, 루카스 하스, 퀘이보",,주식회사 제이씨엔터웍스,100.0,,casino heist,"긴장감 있는,도시,범죄",미국,5.001,5.0,0,4,2273,2753,201
140,캡틴 아메리카: 브레이브 뉴 월드,"액션, 어드벤처, SF","안소니 마키, 해리슨 포드, 대니 라미레즈, 칼 럼블리, 지안카를로 에스포지토, 리브 타일러, 팀 블레이크 넬슨",줄리어스 오나,"월트디즈니컴퍼니코리아 유한책임회사, 월트디즈니컴퍼니코리아 유한책임회사",118.0,20250212.0,"hero, usa president, the white house, superhero, revenge, summit, aftercreditsstinger, marvel cinematic universe (mcu), sidekick, assassination attempt, political thriller, treaty, international relations","긴장감 있는,현대,정치",미국,8.371,6.45,165만,3980,46988,21092,7203
141,컴패니언,스릴러,"소피 대처, 잭 퀘이드, 루카스 게이지, 메건 수리, 하비 길렌, 루퍼트 프렌드",드류 행콕,"워너브러더스 코리아(주), 워너브러더스 코리아(주)",96.0,20250319.0,"android, artificial intelligence (a.i.), cabin, robot, boyfriend girlfriend relationship, questioning, duringcreditsstinger, philosophical, robot girl, weekend getaway, human android relationship, toxic relationship, abusive relationship, malfunctioning android, sentient machine, sci-fi horror, human vs machines, cybernetics, android horror","서스펜스 있는,시골,기술",미국,8.001,8.18,1.9만,300,1762,1053,567
142,콘클라베,"드라마, 스릴러","랄프 파인즈, 스탠리 투치, 존 리스고, 이사벨라 로셀리니",에드워드 버거,"(주)디스테이션, (주)엔케이컨텐츠",120.0,20250305.0,"vatican (holy see), pope, religion, election, roman catholic church, catholicism, questioning, cardinal, papal conclave, catholic monarchs, compassionate","서스펜스 있는,역사적,권력",미국,8.771,8.64,33만,2631,19649,20965,3012
143,콰이어트 플레이스 2,스릴러,"에밀리 블런트, 킬리언 머피, 노아 주프, 밀리센트 시몬스, 디몬 하운수, 웨인 듀발",존 크래신스키,"롯데컬처웍스(주)롯데엔터테인먼트, 롯데컬처웍스(주)롯데엔터테인먼트, 파라마운트 픽쳐스",96.0,20210616.0,"new york city, island, post-apocalyptic future, radio transmission, alien life-form, death of father, child in peril, sequel, alien, flashback, psychological thriller, creature, alien invasion, parenting, family, survival horror, alien monster, human vs alien, sign languages, alien attack, hostile, hearing impaired, newborn baby, anxious, dreary, suspenseful, tense, frightened","긴장감 있는,종말 이후,생존",미국,8.661,7.97,86만,6492,499,1079,488
144,콰이어트 플레이스,스릴러,"루피타 뇽오, 조셉 퀸, 디몬 하운수, 알렉스 울프",마이클 사노스키,"롯데컬처웍스(주)롯데엔터테인먼트, 롯데컬처웍스(주)롯데엔터테인먼트, 파라마운트 픽쳐스",99.0,20240626.0,"pregnancy, fireworks, deaf, post-apocalyptic future, alien life-form, child in peril, creature, alien invasion, parenting, survival horror, human vs alien, sign languages, angry","긴장감 있는,종말 이후,생존",미국,6.531,7.56,56만,1618,204,407,215
145,콰이어트 플레이스: 첫째 날,스릴러,"루피타 뇽오, 조셉 퀸, 디몬 하운수, 알렉스 울프",마이클 사노스키,"롯데컬처웍스(주)롯데엔터테인먼트, 롯데컬처웍스(주)롯데엔터테인먼트, 파라마운트 픽쳐스",99.0,20240626.0,"pregnancy, fireworks, deaf, post-apocalyptic future, alien life-form, child in peril, creature, alien invasion, parenting, survival horror, human vs alien, sign languages, angry","긴장감 있는,종말 이후,생존",미국,6.531,4.41,55만,1618,40805,45403,14526
146,쿵푸팬더4,"애니메이션, 액션, 코미디","잭 블랙, 아콰피나, 비올라 데이비스, 더스틴 호프만, 제임스 홍, 브라이언 크랜스톤, 이눈솔","마이크 미첼, 스테파니 스티네","유니버설픽쳐스인터내셔널 코리아(유), 유니버설픽쳐스인터내셔널 코리아(유)",93.0,20240410.0,"martial arts, kung fu, china, villain, sequel, panda, anthropomorphism, chameleon, female villain","가볍고 유쾌한,판타지 세계,성장",미국,7.031,6.8,177만,2654,62692,27741,12788
147,크레이븐 더 헌터,"액션, 스릴러","애론 테일러 존슨, 러셀 크로우, 아리아나 데보스, 알렉산드로 니볼라, 크리스토퍼 애봇",J.C 챈더,"소니픽쳐스엔터테인먼트코리아주식회사극장배급지점, 소니픽쳐스엔터테인먼트코리아주식회사극장배급지점",126.0,,"hunter, superhero, villain, based on comic, supervillain, antihero, intense, admiring, ominous, sony's spider-man universe","폭력적인,현대,복수",미국,7.501,7.5,0,915,41329,26513,9422
148,크리미널 스쿼드: 판테라,"액션, 범죄","제라드 버틀러, 오셔 잭슨 주니어",크리스찬 구드가스트,"(주)누리픽쳐스, (주)누리픽쳐스",130.0,,"diamond, ex-cop, heist, vengeance, crime, vibrant","긴장감 있는,도시,범죄",미국,6.001,6.0,0,34,7976,4091,187
149,타겟,스릴러,"신혜선, 김성균, 임성재, 임철수, 이주영, 금새록, 강태오, 노영학, 김광현, 조용준, 최재섭, 신승용, 강내균, 정우영, 변진수, 김원식, 서덕인, 송우림, 정다온, 박준희, 김최용준, 정재헌, 민정기, 신경석, 이규섭, 이연빈, 박범수, 전영, 유정호, 권구남, 이민영, 민채연, 이은주, 이서윤, 유인서, 오가빈, 이혜준, 김다한, 지다연, 최명빈, 한이원, 이육헌, 공필성",박희곤,"(주)영화사피어나, 메가박스중앙(주) 플러스엠 엔터테인먼트, 메가박스중앙(주) 플러스엠 엔터테인먼트, (사)한국농아인협회, 한국시각장애인연합회",101.0,20230830.0,"detective, investigation, second-hand market","긴장감 있는,도시,범죄",한국,6.951,6.52,42만,2982,2445,3270,1109
150,탈주,액션,"이제훈, 구교환, 홍사빈, 서현우, 이성욱, 정준원, 장영남, 송강, 이솜, 이호정, 배철수, 이호철, 한동희, 김재우, 이주광, 진희규, 박주훈, 양영문, 박다원, 진하랑, 박성민, 김동률, 김상흔, 박윤희, 우정원, 차순배, 송요셉, 진용욱, 정하늘, 박예나, 유지완, 이태영, 강효준, 강희제, 이승용, 강이안, 김호영, 최세용, 박가영, 차준서, 김다솔, 장우영, 황정민, 홍정호, 김윤배, 이동기, 고국희, 김미소, 황정용, 고서정, 박상호, 윤준호, 이창민, 윤도, 민현우, 최현태, 박준수, 신동현, 이재혁, 이호준, 김경래, 정찬우, 김상일, 강태우, 김동훈, 남주현, 김재석, 박근형, 김한상, 문형철, 박준환, 윤상돈, 이무녕, 김수민, 정태석",이종필,"더램프(주), (주)은하수필름 , 메가박스중앙(주) 플러스엠 엔터테인먼트, 메가박스중앙(주) 플러스엠 엔터테인먼트, 메가박스중앙(주) 플러스엠 엔터테인먼트, (사)한국농아인협회, 한국시각장애인연합회",94.0,20240703.0,"desertion, dmz, north korean defector, korean army, inter-korean relations, north korean","긴장감 있는,군대,생존",한국,7.931,7.92,256만,11434,66988,176141,47755
151,탈출: 프로젝트 사일런스,스릴러,"이선균, 주지훈, 김희원, 문성근, 예수정, 김태우, 박희본, 박주현, 김수안, 하도권, 장광, 최정우, 구성환, 박호산, 이중현, 문병주, 송유현, 장태민, 유연, 곽진석, 안성봉, 김창환, 배명진, 유승일, 이상원, 김만기, 이미윤, 신희철, 권잎새, 이두익, 조홍우, 허동수, 유예진, 김민희, 신민수, 이광호, 김용호, 권혁석, 김승필, 이광호, 김도연, 임용순, 이순풍, 송광주, 손영옥, 추병준, 조하은, 강수아, 이종운, 최자인, 김동인, 김승연, 이택근, 이혜인, 정혜윤",김태곤,"씨제이이엔엠 스튜디오스 주식회사, 블라드스튜디오, (주)씨제이이엔엠, (주)씨제이이엔엠, (주)씨제이이엔엠, 블라드스튜디오, (주)덱스터스튜디오, (사)한국농아인협회, 한국시각장애인연합회",95.0,20240712.0,"prison, rape, exploitation, women's prison, sequel, sexploitation, torture, lesbian sex, corrupt official, sex","긴장감 있는,도시,생존",한국,6.291,5.65,68만,6905,291,114232,30959
152,탐정 말로,"범죄, 액션, 스릴러","리암 니슨, 다이앤 크루거, 제시카 랭",닐 조단,"(주)바이포엠스튜디오, (주)바이포엠스튜디오",109.0,20240321.0,"los angeles, california, private detective, missing person, 1930s, old hollywood","서스펜스 있는,역사적,범죄","아일랜드, 미국",6.711,6.71,1.9만,288,6376,1689,1467
153,톡 투 미,공포(호러),,"대니 필리푸, 마이클 필리푸","주식회사 올랄라스토리, 롯데컬처웍스(주)롯데시네마, (주)더쿱디스트리뷰션",94.0,20231101.0,"suicide, trauma, possession, female friendship, addiction, grief, female protagonist, death of mother, self mutilation, mental health, dead parent, social media, peer pressure, disembodied hand, generation z, self-harm, supernatural horror, cautionary tale, adelaide australia, body horror, teenager, modern australia","어두운,현대,정신 건강","호주, 영국",8.181,8.18,3493,40,2573,2113,1277
154,퇴마록,"애니메이션, 액션, 미스터리","최한, 남도형, 정유정, 김연우, 홍승효, 황창영, 김민주, 표영재",김동철,"(주)로커스, (주)쇼박스, 퇴마록문화산업전문 유한회사",85.0,20250221.0,,"어두운,판타지 세계,구원",한국,8.791,9.23,0,5359,2196,32707,7871
155,트롤: 월드 투어,"애니메이션, 어드벤처, 코미디","안나 켄드릭, 저스틴 팀버레이크","월트 도른, 데이빗 P.스미스","유니버설픽쳐스인터내셔널 코리아(유), 유니버설픽쳐스인터내셔널 코리아(유)",90.0,20200429.0,tales of arcadia,"가볍고 유쾌한,판타지 세계,우정",미국,8.561,8.87,15만,2480,4338,1711,609
156,트위스터스,"드라마, 액션",,,(주)제이앤씨미디어그룹,86.0,,"tornado, twister, disaster movie, cyclone","긴장감 있는,시골,생존",미국,8.211,8.26,62만,2585,48243,13327,7032
157,파묘,"액션, 판타지","최민식, 김고은, 유해진, 이도현, 김재철, 김민준, 김병오, 전진기, 박정자, 박지일, 이종구, 이영란, 정상철, 김지안, 김태준, 김서현, 송광자, 최문경, 김선영, 이다윗, 김소숙, 정윤하, 설승혜, 홍서준, 안태영, 최정화, 이아연, 심소연, 한미자, 현지인, 이경민, 한동희, 이정현, 설창희, 황유나, 윤재인, 김희상, 선인호, 백승철, 윤종구, 박종원, 임호준, 김진욱, 류한선, 박태양, 이은경, 박진영, 홍석빈, 한혜지, 박재완, 윤정훈, 최교식, 이지현, 정예서, 이은주, 은수, 장의돈, 주광현, 박용, 신무호, 김이석, 김선동, 한동균, 박예빈, 윤수진, 정승기, 강일웅, 김영주, 오보혜, 고영규, 선인호, 전형규, 이태운, 임예은, 최낙윤, 정무성, 진대연, 송나영, 유한솔, 김하영",장재현,"(주)쇼박스, (주)엠씨엠씨, (주)쇼박스, (주)쇼박스, (사)한국농아인협회, 한국시각장애인연합회",133.0,20240222.0,"ritual, coffin, exorcism, grave, curse, shaman, undertaker, illness, tomb, occult, ghost, grave digging, ancestor, vexed, shamanism, japanese occupation of korea, evil spirits, distressing","긴장감 있는,현대,구원",중국,8.221,7.77,1191만,31789,420997,467187,167198
158,파이널 데스티네이션 블러드라인,공포(호러),"케이틀린 산타 후아나, 테오 브리오네스, 리처드 하몬, 오웬 패트릭 조이너, 안나 로어, 브렉 배싱어, 토니 토드","아담 B. 스테인, 잭 리포브스키","워너브러더스 코리아(주), 워너브러더스 코리아(주)",109.0,20250514.0,"restaurant, gore, sequel, premonition, fate, family, death, blunt, near-death experience, 1960s, cheating death, supernatural horror, horror, teen scream","어두운,현대,생존",미국,8.341,8.57,8만,704,19646,12506,963
159,파일럿,코미디,"조정석, 이주명, 한선화, 신승호, 오민애, 김지현, 서재희, 박다온, 현봉식, 서현철, 유재석, 조세호, 강하늘, 문상훈, 이시언, 차희, 최필상, 서명찬, 은정완, 유인혜, 남현우, 임세인, 이수미, 조주경, 오태은, 유형준, 윤수혁, 김사랑, 조승구, 김문희, 김태훈, 나현우, 한사명, 송훈, 천윤경, 민영, 김승비, 한주아, 진한서, 박제린, 김대근, 김영수, 이시안, 최혁, 김민수, 강경우, 김관혁, 성충모, 박미라, 백성욱, 한지혁",김한결,"쇼트케이크(주), (주)무비락, 롯데컬처웍스(주)롯데엔터테인먼트, 롯데컬처웍스(주)롯데엔터테인먼트, 쏠레어파트너스(유), 롯데컬처웍스(주)롯데엔터테인먼트, (사)한국농아인협회, 한국시각장애인연합회",110.0,20240731.0,"u.s. air force, fighter jet, jet fighter","유머러스한,현대,성장",한국,7.551,6.98,471만,12577,171359,41284,24227
160,패딩턴: 페루에 가다!,"코미디, 드라마","휴 보네빌, 에밀리 모티머, 벤 위쇼, 올리비아 콜맨, 안토니오 반데라스",,"소니픽쳐스엔터테인먼트코리아주식회사극장배급지점, 소니픽쳐스엔터테인먼트코리아주식회사극장배급지점",106.0,20250219.0,"london, england, based on novel or book, peru, anthropomorphism, bear, based on children's book, family, talking to animals, children's book, taxidermist, live action and animation, personification, natural history museum","마음이 따뜻해지는,시골,가족","미국, 영국, 프랑스",8.241,9.01,12만,601,3907,2667,1172
161,패션왕,"코미디, 드라마","주원, 최진리, 안재현, 박세영, 김성오, 김한나, 이일화, 이동휘, 민진웅, 이수광, 김다율, 윤혜빈, 이대수, 이상훈, 이정연, 이주영, 이주희, 이효재, 정라엘, 최우진, 기안84, 김승주, 박상욱, 배유람, 양흥주, 주민하, 강덕중, 이은채, 김태훈, 임영우, 김성준, 위지웅",오기환,"주식회사 와이랩, (주)노마드필름, (주)넥스트엔터테인먼트월드(NEW), (주)넥스트엔터테인먼트월드(NEW), (주)콘텐츠판다, (사)한국농아인협회, 한국시각장애인연합회",114.0,20141106.0,"based on comic, fashion, based on webcomic or webtoon","유머러스한,학교,성장",한국,6.791,5.17,59만,9224,17,13,29
162,퍼피 구조대: 더 마이티 무비,"애니메이션, 어드벤처","정선혜, 박지윤, 신용우, 문남숙, 엄상현",캘런 브런커,"파라마운트 픽쳐스, 롯데컬처웍스(주)롯데엔터테인먼트, 롯데컬처웍스(주)롯데엔터테인먼트",92.0,20231006.0,"dog, super power","가볍고 유쾌한,도시,우정",미국,8.411,9.33,17만,385,3207,1775,1164
163,풍재기시,"범죄, 드라마","양조위, 곽부성",옹자광,"(주)빅브라더스, 티미디어",143.0,20230705.0,,"어두운,역사적,권력",홍콩,5.771,7.71,1만,207,3,6,85
164,퓨리오사: 매드맥스 사가,액션,"안야 테일러 조이, 크리스 헴스워스, 톰 버크",조지 밀러,"워너브러더스 코리아(주), 워너브러더스 코리아(주)",148.0,20240522.0,"chase, post-apocalyptic future, warlord, prequel, wasteland, spin off, struggle for survival, desert, tyrant, tyranny, masculinity, grim, revenge murderer, mother daughter relationship, anxious, child abduction, car, bold, brisk","냉혹한,종말 이후,복수",미국,8.891,9.25,160만,5359,42961,63920,31099
165,프레디의 피자가게,"공포(호러), 스릴러","조쉬 허처슨, 엘리자베스 라일, 파이퍼 루비오",엠마 타미,"유니버설픽쳐스인터내셔널 코리아(유), 유니버설픽쳐스인터내셔널 코리아(유)",,,"night shift, child murder, restaurant, custody battle, child in peril, orphan, security guard, based on video game, duringcreditsstinger, troubled past, child neglect, animatronic, abandoned building, brother sister relationship, child abduction","어두운,현대,복수",미국,6.741,7.32,71만,4535,11809,4403,2067
166,플라이트 리스크,"액션, 스릴러, 범죄","마크 월버그, 미쉘 독커리, 토퍼 그레이스",멜 깁슨,"(주)누리픽쳐스, (주)누리픽쳐스",91.0,,"hitman, pilot, airplane accident, informant, anchorage, alaska, cessna, federal marshal, accountant","서스펜스 있는,현대,범죄",미국,6.301,6.1,0,84,5331,3539,1101
167,플로우,애니메이션,,긴츠 질발로디스,"판씨네마(주), 판씨네마(주)",84.0,20250319.0,"ocean, cat, boat, dystopia, dog, ruins, flood, lemur, kids, bird, 3d animation, no dialogue, teamwork, fantasy, capybara, adventure, animated film, labrador","애상적인,종말 이후,생존",기타,8.721,8.69,0,1659,7116,3842,2605
168,필사의 추격,"코미디, 액션","박성웅, 곽시양, 윤경호, 정유진, 박효주, 손종학, 신승환, 김광규, 예수정, 윤병희, 장재호, 송영규, 황재열, 박성준, 성동일, 박철민, 이명희, 정주영, 한서윤, 배진완",김재훈,"(주)콘텐츠지, TCO(주)더콘텐츠온, TCO(주)더콘텐츠온, TCO(주)더콘텐츠온",109.0,20240821.0,jeju island,"유머러스한,도시,범죄",한국,6.191,4.68,12만명,1136,15041,6517,3763
169,하이재킹,스릴러,,,,96.0,,"denmark, psychology, hijacking, murder, pirate, hijack, cargo ship, negotiation, fax, indian ocean","긴장감 있는,역사적,생존",미국,8.021,8.65,177만명,8924,30119,155613,43833
170,해리 포터와 불의 잔,"액션, 판타지","다니엘 래드클리프, 루퍼트 그린트, 엠마 왓슨, 랄프 파인즈, 로버트 패틴슨",마이크 뉴웰,"워너 브러더스 픽쳐스, 워너브러더스 코리아(주), 워너브러더스 코리아(주)",156.0,20051201.0,"witch, dying and death, based on novel or book, magic, boarding school, world cup, maze, mermaid, school of witchcraft, black magic, chosen one, sequel, vision, school, tournament, dragon, ghost, wizard, teenage hero, mysterious, christmas, based on young adult novel","어두운,학교,성장",미국,9.541,8.0,349만,1970,3762,2335,1461
171,해리포터와 마법사의 돌,"SF, 판타지","다니엘 래드클리프, 엠마 왓슨, 루퍼트 그린트",크리스 콜럼버스,"워너브러더스 코리아(주), 워너브러더스 코리아(주)",152.0,20011213.0,"witch, school friend, friendship, london, england, based on novel or book, magic, boarding school, male friendship, child hero, school of witchcraft, chosen one, bullying, school, ghost, fantasy world, wizard, pre-teen, children's adventure, based on young adult novel, found family, owl, joyous, male female friendship, enchant","희망적인,학교,우정",미국,9.401,9.37,0,10627,4743,2369,2158
172,해리포터와 비밀의 방,드라마,"다니엘 래드클리프, 엠마 왓슨, 루퍼트 그린트",크리스 콜럼버스,"워너브러더스 코리아(주), 워너브러더스 코리아(주)",161.0,20021213.0,"witch, flying car, elves, magic, sword, diary, child hero, school of witchcraft, giant spider, black magic, giant snake, ghost, child driving car, wizard, aftercreditsstinger, christmas, based on young adult novel","희망적인,학교,우정",미국,8.901,8.9,0,2103,3592,1732,1398
173,해리포터와 아즈카반의 죄수,드라마,"다니엘 래드클리프, 엠마 왓슨, 루퍼트 그린트",알폰소 쿠아론,"워너브러더스사㈜, 워너브러더스 코리아(주), 워너브러더스 코리아(주)",136.0,20040716.0,"witch, school friend, friendship, flying, magic, bus, traitor, child hero, school of witchcraft, black magic, time travel, school, best friend, werewolf, muggle, ghost, wizard, aftercreditsstinger, magical creature, night bus, teenage life, christmas, school class, based on young adult novel, magic spell","희망적인,학교,우정",미국,9.781,8.76,0,2533,3911,2369,1537
174,핸섬가이즈,코미디,"이성민, 이희준, 공승연, 박지환, 이규형, 장동주, 강기둥, 빈찬욱, 정화, 김도훈, 박경혜, 우현, 임원희, 이서환, 송유현, 제임스 호란",남동협,"(주)하이브미디어코프, (주)넥스트엔터테인먼트월드(NEW), (주)넥스트엔터테인먼트월드(NEW), (사)한국농아인협회, 한국시각장애인연합회",101.0,20240626.0,"remake, buddy comedy, horror remake","유머러스한,시골,생존",한국,8.281,8.61,177만,9834,165071,86014,27041
175,행복의 나라,드라마,"조정석, 이선균, 유재명, 우현, 이원종, 전배수, 송영규, 최원영, 강말금, 박훈, 이현균, 진기주, 유성주, 임철형, 김재철, 김법래, 유진호, 권성일",추창민,"(주)파파스필름, 오스카10스튜디오, 굿초이스컷픽쳐스(주), (주)넥스트엔터테인먼트월드(NEW), (주)넥스트엔터테인먼트월드(NEW), (사)한국농아인협회, 한국시각장애인연합회",124.0,20240814.0,,"비장한,역사적,정의",한국,7.451,8.01,71만,5671,33791,18065,8151
176,헝거게임: 노래하는 새와 뱀의 발라드,"액션, 어드벤처, SF, 스릴러","레이첼 지글러, 톰 블라이스, 헌터 샤퍼, 비올라 데이비스, 피터 딘클리지, 제이슨 슈왈츠먼",프란시스 로렌스,"(주)누리픽쳐스, (주)누리픽쳐스",157.0,20231115.0,"based on novel or book, resistance, dystopia, post-apocalyptic future, sequel, female protagonist, bow and arrow, game, future war, revolt, class prejudice, human subjugation, based on young adult novel","어두운,디스토피아,권력",미국,7.711,7.82,18만,837,7124,2286,723
177,헤레틱,"스릴러, 공포(호러)","휴 그랜트, 소피 대처","스콧 벡, 브라이언 우즈","(주)이놀미디어, 롯데컬처웍스(주)롯데시네마, ㈜스튜디오오르카",111.0,20250402.0,"faith, religion, cat and mouse, mormon missionary, eccentric man, women of faith","서스펜스 있는,시골,생존",미국,7.551,7.67,3.8만,453,1723,3041,902
178,헬보이: 크룩드 맨,"액션, 공포(호러), 판타지",잭 케시,브라이언 테일러,"와이드 릴리즈(주), 주식회사 풍경소리",99.0,20241218.0,"nazi, sacrifice, superhero, paranormal phenomena, black magic, adoptive father, based on comic, steampunk, narration from grave, apocalypse, demon, supernatural creature, monolith, occult, super strength, father figure, reanimated corpse, duringcreditsstinger, other dimension, psychic powers, pyrokinesis, occult detective","어두운,시골,구원","미국, 영국, 독일, 불가리아",4.251,4.25,1만,130,2805,925,249
179,헬프,범죄,"미츠이시 켄, 이사야마 히로코",아오야마 신지,,80.0,,"based on novel or book, mississippi river, exploitation, racial segregation, racism, writer, maid, moral courage, ressentiment, southern belle, racial issues, 1960s, newspaper columnist, desperate, cautionary, authoritarian","영감을 주는,역사적,계급 투쟁",일본,9.431,9.43,15만,3768,58,4388,2270
180,혹성탈출: 새로운 시대,"액션, SF","오웬 티그, 프레이아 앨런, 케빈 두런드, 윌리엄 H. 머시",웨스 볼,"월트디즈니컴퍼니코리아 유한책임회사, 월트디즈니컴퍼니코리아 유한책임회사",144.0,20240508.0,"empire, kingdom, gorilla, dystopia, post-apocalyptic future, eagle, sequel, anthropomorphism, distant future, ape, orangutan, evolution, chimpanzee, primate, sign languages, journey, cgi-live action hybrid, evil tyrant","어두운,종말 이후,생존",미국,7.611,6.25,90만,2666,94379,38917,15975
181,혹성탈출: 종의 전쟁,"액션, 어드벤처, 드라마, SF","앤디 서키스, 우디 해럴슨, 스티브 잔, 주디 그리어, 타이 올슨, 채드 룩, 티모시 웨버, 마이클 아담스웨이트, 라우로 차트랜드, 스티브 바란칙",맷 리브스,"이십세기폭스코리아(주), 이십세기폭스코리아(주)",139.0,20170815.0,"empire, kingdom, gorilla, dystopia, post-apocalyptic future, eagle, sequel, anthropomorphism, distant future, ape, orangutan, evolution, chimpanzee, primate, sign languages, journey, cgi-live action hybrid, evil tyrant","어두운,종말 이후,전쟁",미국,8.151,7.84,205만,2886,60,54,53
182,히든페이스,스릴러,,아카바네 키쿠지로,,71.0,20241120.0,"remake, orchestra conductor, secret room","서스펜스 있는,현대,사랑/로맨스",한국,7.921,7.91,101만,5472,100529,29439,14671
183,히트맨,"코미디, 액션","권상우, 정준호, 이이경, 황우슬혜, 김성오, 이지원, 송윤하, 오충근",최원섭,"베리굿스튜디오(주), 스튜디오타겟(주), (주)바이포엠스튜디오, (주)바이포엠스튜디오",118.0,20250122.0,"agent, cartoonist, national intelligence service (nis)","유머러스한,현대,가족",한국,7.421,6.72,240만,6563,4619,2068,958
184,히트맨2,"코미디, 액션","권상우, 정준호, 이이경, 황우슬혜, 김성오, 이지원, 송윤하, 오충근",최원섭,"베리굿스튜디오(주), 스튜디오타겟(주), (주)바이포엠스튜디오, (주)바이포엠스튜디오",118.0,20250122.0,"sequel, agent, national intelligence service (nis)","유머러스한,현대,가족",한국,7.421,5.31,254만,6563,26344,119097,26083
